DataSet,RaptorScientificName,Continent,Num_obs,PreyPerPellet,ecozone,ShannEnt_rare,DietRichness_rare,LocalRichness,RERichness,RaptorRichness
1,Tyto alba,South America,1348,1.3,BB,1.8261603940125266,7.805,36.0,13.0,17.0
2,Tyto alba,Europe,875,,BA,2.0277240736251105,9.165,83.0,34.0,22.0
3,Tyto alba,Europe,521,,BA,1.9536403268601559,8.49,83.0,34.0,22.0
4,Tyto alba,Europe,2539,,BA,2.037968838504394,9.325,83.0,34.0,22.0
5,Tyto alba,Europe,799,,BA,2.074633317880325,9.52,83.0,34.0,22.0
13,Tyto alba,North America,362,,BC,1.4988849334418572,5.865,66.0,34.0,16.0
27,Tyto alba,South America,2087,,BA,0.6670915302321945,3.935,99.0,33.0,42.0
28,Tyto alba,Europe,1112,2.69,BA,1.514958808319388,6.425,67.0,26.0,21.0
29,Tyto alba,Europe,788,3.58,BA,1.63729892241545,6.575,67.0,26.0,21.0
30,Tyto alba,Europe,194,2.43,BA,1.453729400623194,5.965,67.0,26.0,21.0
31,Tyto alba,Europe,349,3.14,BA,1.3213750233387414,5.54,67.0,26.0,21.0
32,Tyto alba,Europe,538,3.54,BA,1.540339549666574,6.35,67.0,26.0,21.0
33,Tyto alba,Europe,277,3.46,BA,1.5031378080673639,6.415,67.0,26.0,21.0
34,Tyto alba,Europe,394,3.68,BA,1.1378247213551014,5.11,67.0,26.0,21.0
37,Tyto alba,South America,487,3.16,BA,1.1059434129812042,4.765,37.0,16.0,13.0
62,Tyto alba,North America,1272,,BC,1.8415790206069367,7.715,57.0,31.0,13.0
70,Tyto alba,North America,328,1.78,AA,0.42145013071498316,2.515,86.0,40.0,24.0
71,Tyto alba,North America,343,1.99,AA,0.45146007257733634,2.675,73.0,36.0,20.0
108,Tyto alba,Asia,207,4.92,NA,1.065374430729655,3.945,60.0,23.0,20.0
140,Tyto alba,Europe,220,,BA,1.3002169622141972,4.555,83.0,34.0,33.0
141,Tyto alba,Europe,99,,BA,1.35889543038845,4.465,83.0,34.0,33.0
142,Tyto alba,Europe,311,,BA,1.4547595903472113,5.72,83.0,34.0,33.0
143,Tyto alba,Europe,355,,BA,1.4668502513072728,5.67,83.0,34.0,33.0
144,Tyto alba,Europe,288,,BA,1.4841361150754204,5.705,83.0,34.0,33.0
145,Tyto alba,Europe,404,,BA,1.3980579096232983,5.44,83.0,34.0,33.0
146,Tyto alba,Europe,154,,BA,1.6195143331272697,6.17,83.0,34.0,33.0
147,Tyto alba,Europe,81,,BA,1.6451524984178156,6.385,83.0,34.0,33.0
262,Tyto alba,North America,1156,2.33,NA,0.6436399260376747,3.485,79.0,36.0,25.0
268,Tyto alba,North America,893,2.8,BA,0.5034992479318078,2.64,57.0,29.0,16.0
280,Tyto alba,North America,303,,BA,0.6986434838682211,3.72,52.0,26.0,15.0
318,Tyto alba,South America,354,,BB,1.7905564995645358,7.345,41.0,14.0,18.0
319,Tyto alba,South America,335,,BB,1.4263902833457718,5.865,38.0,14.0,16.0
320,Tyto alba,South America,531,,BA,1.6732000649152716,6.6,35.0,14.0,18.0
333,Tyto alba,Australia/Oceania,291,,BB,0.4229791519688987,2.365,53.0,5.0,23.0
365,Tyto alba,South America,93,1.01,DA,1.7961290595361925,7.805,137.0,23.0,36.0
403,Tyto alba,Europe,1063,2.35,BB,0.854609485321147,3.89,62.0,21.0,24.0
404,Tyto alba,Europe,782,2.35,BB,0.8603178979564128,3.68,62.0,21.0,24.0
405,Tyto alba,Europe,934,2.35,BB,0.7055138056983501,3.41,62.0,21.0,24.0
406,Tyto alba,Europe,331,2.35,BB,0.902856669273154,3.68,62.0,21.0,24.0
408,Tyto tenebricosa,Australia/Oceania,141,,BA,1.1664481499622124,5.2,68.0,5.0,27.0
409,Tyto alba,Asia,142,,CA,1.2405063442028192,5.275,80.0,31.0,23.0
410,Tyto alba,Asia,601,,BB,0.9935323852812836,3.96,65.0,23.0,27.0
411,Tyto alba,Asia,313,,BB,1.1182497911827824,4.595,65.0,23.0,27.0
412,Tyto alba,Asia,217,3.62,BB,1.3364552435987145,5.155,76.0,28.0,25.0
413,Tyto alba,Asia,79,1.72,CA,1.0438464668431267,4.395,71.0,31.0,24.0
414,Tyto alba,Asia,247,,CA,1.1383118432864443,4.69,71.0,31.0,24.0
415,Tyto alba,Asia,7966,1.33,BB,1.3233619153609373,5.1,80.0,31.0,23.0
416,Tyto alba,Asia,196,1.82,CA,1.5099098772227342,5.675,35.0,16.0,5.0
417,Tyto alba,Asia,1026,,CA,1.612359516769846,6.715,83.0,35.0,23.0
428,Tyto alba,North America,13,,CA,1.0779308162260588,3.79,105.0,50.0,30.0
434,Tyto alba,South America,392,1.93,AA,1.4605425683908222,5.195,63.0,28.0,13.0
478,Tyto alba,North America,1044,2.52,BB,0.9556537900507905,3.735,82.0,43.0,25.0
505,Tyto alba,Africa,146,0.073,CA,1.5982339521683164,6.265,46.0,21.0,11.0
513,Tyto alba,Europe,1661,,DA,1.7842886857871683,8.12,177.0,25.0,43.0
515,Tyto alba,Asia,1590,1.37,DA,0.7572737304836353,4.23,57.0,16.0,19.0
516,Tyto alba,Asia,710,1.37,DA,1.3467583706789066,6.18,57.0,16.0,19.0
517,Tyto alba,Asia,390,0.93,DA,1.9266112551298655,8.525,57.0,16.0,19.0
518,Tyto alba,Asia,644,2.49,DA,1.0423096466483062,5.605,57.0,16.0,19.0
519,Tyto alba,Asia,126,1.41,DA,0.9756613093074972,4.24,99.0,25.0,37.0
521,Tyto alba,Asia,978,1.29,DA,1.5817821802613472,6.155,99.0,25.0,37.0
525,Tyto alba,Africa,647,1.86,BA,1.1392941966790269,5.765,253.0,83.0,60.0
527,Tyto alba,Asia,297,1.71,DA,1.9561596463163058,8.56,66.0,20.0,26.0
528,Tyto alba,Asia,516,1.52,DA,0.9402046706908856,5.145,66.0,20.0,26.0
529,Tyto alba,Asia,1142,1.37,DA,0.7365705146046848,4.155,66.0,20.0,26.0
530,Tyto alba,Asia,458,1.32,DA,1.3458343515704525,5.85,66.0,20.0,26.0
535,Tyto alba,South America,1145,1.79,NA,2.0593906283433556,9.34,33.0,15.0,11.0
544,Tyto alba,Europe,125,2.78,BA,1.6066361724224025,6.765,83.0,34.0,22.0
567,Tyto alba,Asia,156,,DA,1.8415350122785947,7.77,69.0,18.0,30.0
585,Tyto alba,Europe,2414,,BA,1.249100415425022,4.5,37.0,13.0,18.0
603,Tyto alba,Europe,98,2.58,BA,1.5613625441143162,6.275,83.0,34.0,22.0
611,Tyto alba,North America,224,,DB,1.8386263087823875,8.925,15.0,1.0,3.0
612,Tyto alba,North America,293,,DB,1.8434822444644872,8.72,15.0,1.0,3.0
617,Tyto alba,South America,755,3.24,DA,1.5723023222932662,7.67,177.0,25.0,43.0
620,Tyto alba,Australia/Oceania,139,4.34,CA,0.13012632594940407,1.6,31.0,5.0,21.0
621,Tyto alba,Australia/Oceania,229,4.32,CA,0.8229628017060014,4.075,31.0,5.0,21.0
622,Tyto alba,Australia/Oceania,67,4.47,CA,0.5471498097321402,2.94,31.0,5.0,21.0
631,Tyto alba,Australia/Oceania,241,4.82,CA,0.16821318914981553,1.76,31.0,5.0,21.0
667,Tyto alba,Africa,27,,BA,1.5513768148762273,6.13,123.0,42.0,35.0
688,Tyto alba,Australia/Oceania,288,5.14,CA,0.13534539254811814,1.63,31.0,5.0,21.0
689,Tyto alba,Australia/Oceania,229,4.98,CA,0.13624355633716528,1.65,31.0,5.0,21.0
694,Tyto alba,Australia/Oceania,303,2.12,CA,1.0332622053876377,4.465,38.0,7.0,14.0
699,Tyto alba,Australia/Oceania,138,5.31,CA,0.2111131437402368,1.8,31.0,5.0,21.0
700,Tyto alba,North America,2223,,BB,1.7036689706939347,7.78,93.0,47.0,22.0
717,Tyto alba,Australia/Oceania,236,,BB,0.41034313266471445,2.11,53.0,5.0,23.0
719,Tyto alba,South America,354,1.11,BB,1.79939594619263,7.335,41.0,14.0,18.0
720,Tyto alba,South America,335,1.4,BB,1.4405317857761033,5.91,58.0,26.0,18.0
726,Tyto alba,Europe,128,,B,1.5139640522525042,5.79,60.0,24.0,21.0
727,Tyto alba,Europe,209,,B,1.8691205259868877,7.855,60.0,24.0,21.0
728,Tyto alba,Europe,165,,B,1.5887427218452868,6.405,60.0,24.0,21.0
729,Tyto alba,Europe,144,,BA,1.357565234952916,5.055,67.0,26.0,21.0
730,Tyto alba,Europe,56,,BA,1.5334990344346875,6.01,67.0,26.0,21.0
731,Tyto alba,Europe,66,,BA,0.591804015062566,3.055,67.0,26.0,21.0
737,Tyto alba,Europe,9572,,BA,1.250151774425303,4.945,36.0,12.0,11.0
738,Tyto alba,Europe,7138,,BA,1.3136193701030983,5.595,54.0,21.0,16.0
739,Tyto alba,Europe,8179,,BA,1.4349295664544852,6.14,39.0,14.0,14.0
740,Tyto alba,Europe,4784,,BA,1.3039339889897463,5.23,39.0,14.0,14.0
741,Tyto alba,Europe,4340,,BA,1.1276509737770035,4.44,42.0,15.0,18.0
742,Tyto alba,Europe,4525,,BA,1.2168241073583204,4.77,37.0,13.0,18.0
743,Tyto alba,Europe,7494,,BA,1.1835867936139148,4.47,33.0,12.0,16.0
744,Tyto alba,Europe,1731,,BA,0.926904247336946,4.01,25.0,8.0,8.0
745,Tyto alba,Australia/Oceania,105,4.2,CA,0.2535664626341397,1.925,31.0,5.0,21.0
746,Tyto alba,Australia/Oceania,141,4.55,CA,0.10051157186502815,1.485,39.0,10.0,19.0
747,Tyto alba,Australia/Oceania,250,1.94,CA,0.6516241863594885,2.175,30.0,9.0,19.0
748,Tyto alba,Australia/Oceania,99,2.06,CA,0.7344181704693662,3.27,30.0,9.0,19.0
749,Tyto alba,Australia/Oceania,926,3.76,CA,0.6767254023214819,3.96,30.0,6.0,20.0
750,Tyto alba,Australia/Oceania,16,0.76,CA,0.8433038729599738,3.515,33.0,9.0,16.0
751,Tyto alba,Australia/Oceania,100,1.69,CA,1.011639673718051,4.04,33.0,9.0,15.0
752,Tyto alba,Australia/Oceania,238,3.72,CA,0.8193309829825135,4.36,35.0,7.0,14.0
753,Tyto alba,Australia/Oceania,202,3.61,CA,0.5071483932653181,2.725,35.0,7.0,14.0
754,Tyto alba,Australia/Oceania,50,1.67,CA,1.2826000694558914,4.6,33.0,9.0,16.0
755,Tyto alba,Australia/Oceania,169,4.33,CA,0.3315332868620803,2.475,33.0,9.0,16.0
759,Tyto alba,Europe,263,,BA,1.6128926188007284,6.58,83.0,34.0,22.0
760,Tyto alba,Europe,235,2.87,BA,1.4130132758200256,5.945,83.0,34.0,22.0
761,Tyto alba,Europe,198,2.79,BA,1.760553686940604,7.21,83.0,34.0,22.0
762,Tyto alba,Europe,167,3.15,BA,1.5817475880216394,6.63,83.0,34.0,22.0
763,Tyto alba,Europe,129,,BA,1.1807026875468736,3.94,83.0,34.0,22.0
764,Tyto alba,Europe,12335,,BA,1.4320181411311212,5.695,83.0,34.0,22.0
765,Tyto alba,North America,140,,BB,1.3466687290120325,5.845,106.0,59.0,25.0
766,Tyto alba,North America,35,,BB,1.4018383563680887,5.145,106.0,59.0,25.0
767,Tyto alba,North America,90,,BB,1.798951483699619,7.75,106.0,59.0,25.0
768,Tyto alba,North America,188,,BB,1.3662567064980817,5.73,106.0,59.0,25.0
769,Tyto alba,North America,42,,BB,1.0297698006015858,4.085,106.0,59.0,25.0
770,Tyto alba,North America,42,,BB,1.0533582999452566,4.51,106.0,59.0,25.0
771,Tyto alba,North America,90,,BB,0.24592357183886318,2.03,106.0,59.0,25.0
772,Tyto alba,North America,122,,BB,0.39369006428623576,2.605,106.0,59.0,25.0
773,Tyto alba,North America,82,,BB,1.3403557883213355,5.425,106.0,59.0,25.0
774,Tyto alba,North America,45,,BB,1.345776345005146,5.005,106.0,59.0,25.0
775,Tyto alba,North America,81,,BB,1.3403170795085533,5.12,106.0,59.0,25.0
776,Tyto alba,Europe,96,,B,1.4085153750129096,5.435,52.0,16.0,23.0
777,Tyto alba,Europe,132,,B,1.1490764950118293,3.725,52.0,16.0,23.0
778,Tyto alba,Europe,683,,B,1.7040412341693025,6.62,52.0,16.0,23.0
779,Tyto alba,Europe,240,,B,1.5404093350717971,5.825,52.0,16.0,23.0
780,Tyto alba,Europe,137,,B,1.575316416742307,6.225,52.0,16.0,23.0
781,Tyto alba,Europe,689,,B,1.3717672591799541,5.385,44.0,12.0,22.0
782,Tyto alba,Europe,259,,B,1.242987103979009,4.655,52.0,16.0,23.0
783,Tyto alba,Europe,145,,B,1.1466273226061066,4.01,44.0,12.0,22.0
784,Tyto alba,Europe,278,,B,0.6090913990550936,2.945,52.0,16.0,23.0
785,Tyto alba,Europe,427,,B,0.8329656982229733,3.31,44.0,12.0,22.0
786,Tyto alba,Europe,86255,,B,0.012903490817481718,1.065,44.0,12.0,22.0
787,Tyto alba,Europe,165,,B,1.1101434773008336,5.595,52.0,16.0,23.0
813,Tyto alba,North America,90,,BA,1.2586830883829119,4.855,46.0,21.0,15.0
814,Tyto alba,North America,63,,BA,1.2354847184430267,5.85,39.0,16.0,11.0
816,Tyto alba,Europe,234,,B,1.6736458421448182,7.03,57.0,18.0,27.0
823,Tyto alba,Europe,1281,,BB,1.4061991011051556,5.41,83.0,34.0,33.0
825,Tyto alba,Europe,311,,NA,1.4925725213294618,6.135,83.0,34.0,33.0
827,Tyto alba,North America,178,1.65,CA,1.3386447382163444,5.125,54.0,19.0,14.0
828,Tyto alba,North America,194,,DA,1.6487578004519023,7.105,101.0,44.0,24.0
865,Tyto alba,South America,232,2.55,BA,1.156143763830886,4.02,29.0,13.0,12.0
868,Tyto alba,North America,56,,CA,0.7451973528079249,2.87,94.0,50.0,25.0
869,Tyto alba,North America,229,,CA,0.8962771646286666,3.93,94.0,50.0,25.0
870,Tyto alba,North America,66,,CA,0.7060611654680106,3.8,94.0,50.0,25.0
871,Tyto alba,North America,42,,CA,1.5751738608196115,6.005,94.0,50.0,25.0
872,Tyto alba,North America,138,,CA,1.375259411128941,5.27,94.0,50.0,25.0
873,Tyto alba,North America,52,,CA,0.8942343488870622,2.92,94.0,50.0,25.0
874,Tyto alba,North America,50,,CA,1.2132493554652743,4.61,94.0,50.0,25.0
875,Tyto alba,North America,248,,CA,0.9378162448018555,3.8,94.0,50.0,25.0
876,Tyto alba,North America,403,,CA,1.2029247296752779,4.51,94.0,50.0,25.0
877,Tyto alba,North America,352,,CA,1.327008853221659,5.36,94.0,50.0,25.0
878,Tyto alba,North America,83,,CA,1.244373466171904,4.295,94.0,50.0,25.0
879,Tyto alba,North America,40,,CA,1.0975551219534516,3.81,94.0,50.0,25.0
880,Tyto alba,North America,57,,CA,1.0551272628632837,3.71,94.0,50.0,25.0
881,Tyto alba,North America,55,,CA,0.6345563784221785,2.66,94.0,50.0,25.0
882,Tyto alba,North America,274,,CA,1.5258482864127558,6.32,94.0,50.0,25.0
883,Tyto alba,North America,92,,CA,1.3847445161036103,5.545,94.0,50.0,25.0
884,Tyto alba,North America,129,,CA,1.1554928775102082,4.36,94.0,50.0,25.0
885,Tyto alba,North America,60,,CA,1.0949512181992644,4.245,94.0,50.0,25.0
886,Tyto alba,North America,31,,CA,1.1813921167469366,4.635,94.0,50.0,25.0
915,Tyto alba,North America,880,1.33,BC,0.8862985169942668,3.87,65.0,35.0,13.0
919,Tyto alba,Africa,350,1.99,CA,1.5048617152467236,6.605,39.0,18.0,10.0
920,Tyto alba,Africa,106,1.83,CA,1.1877200395874745,4.81,39.0,18.0,10.0
924,Tyto alba,Europe,230,2.41,BB,1.5280107643456682,6.06,75.0,27.0,27.0
925,Tyto alba,Europe,176,2.41,BB,1.361174418991708,5.11,75.0,27.0,27.0
926,Tyto alba,Europe,263,2.41,BB,1.5348836630421678,6.01,75.0,27.0,27.0
927,Tyto alba,Europe,121,2.41,BB,1.43812470440623,6.28,75.0,27.0,27.0
928,Tyto alba,Europe,95,2.41,BB,1.813129605479713,7.76,75.0,27.0,27.0
929,Tyto alba,Europe,128,2.41,BB,1.508000627114761,6.12,75.0,27.0,27.0
930,Tyto alba,South America,65,2.41,DA,1.9687527278183357,8.72,146.0,34.0,42.0
933,Tyto alba,North America,429,,BA,0.9736664920225024,3.985,50.0,25.0,18.0
934,Tyto alba,North America,78,2.79,BA,0.9823241882565257,4.025,50.0,25.0,18.0
938,Tyto alba,North America,362,1.8,BB,0.6705107622112287,2.65,109.0,59.0,26.0
939,Tyto alba,North America,1343,,AA,0.6672902753521711,3.3,87.0,41.0,26.0
940,Tyto alba,North America,682,,AA,1.0582707875430648,3.325,87.0,41.0,26.0
941,Tyto alba,North America,488,,AA,1.1326680369856044,4.13,87.0,41.0,26.0
944,Tyto alba,North America,50,0.93,BA,1.3342609526718565,5.005,51.0,24.0,13.0
957,Tyto alba,Europe,183,1.66,B,1.398073640757367,5.94,69.0,25.0,23.0
959,Tyto alba,South America,66,3.91,BB,1.7652735625839144,6.815,36.0,13.0,17.0
960,Tyto alba,South America,55,3.91,BB,1.745023844252412,7.6,36.0,13.0,17.0
961,Tyto alba,South America,127,3.91,BB,1.6678753841798795,7.185,36.0,13.0,17.0
962,Tyto alba,South America,123,3.91,BB,1.725450132916302,7.12,36.0,13.0,17.0
976,Tyto alba,North America,92,,BB,1.0801808334964014,4.865,99.0,55.0,20.0
984,Tyto alba,South America,4618,3.99,DA,1.2143722836884976,4.82,7.0,5.0,3.0
985,Tyto alba,South America,36,2.12,DA,0.9193189629945598,3.275,7.0,5.0,3.0
986,Tyto alba,South America,139,3.16,DA,1.9359316240300466,8.44,7.0,5.0,3.0
993,Tyto alba,South America,158,1.98,BA,1.5436805511489706,6.4,241.0,55.0,60.0
998,Tyto alba,North America,576,,BC,1.7938845689847185,7.585,57.0,31.0,13.0
1024,Tyto alba,North America,749,1.34,BB,1.4526192086711738,5.575,106.0,59.0,25.0
1030,Tyto alba,South America,88,2.1,BA,1.3062990856748677,4.96,59.0,26.0,20.0
1031,Tyto alba,South America,55,2.11,BA,1.1716392662090611,5.035,59.0,26.0,20.0
1032,Tyto alba,South America,323,2.02,BA,1.1542121869247268,4.74,59.0,26.0,20.0
1036,Tyto alba,North America,513,,BB,1.2149469876697971,4.745,115.0,67.0,21.0
1044,Tyto alba,North America,253,,BB,0.8437094827489965,3.695,87.0,41.0,26.0
1055,Tyto alba,North America,202,3.96,BA,1.0867534158456071,3.255,73.0,36.0,20.0
1056,Tyto alba,North America,172,3.66,BA,1.0974231994850079,3.5,73.0,36.0,20.0
1057,Tyto alba,North America,145,3.54,BA,1.0248317684969295,3.3,73.0,36.0,20.0
1058,Tyto alba,North America,332,5.82,BA,0.7444897092284408,2.98,73.0,36.0,20.0
1059,Tyto alba,North America,344,4.99,BA,1.0871186829754358,4.385,73.0,36.0,20.0
1060,Tyto alba,North America,434,4.67,BA,1.2391454893923326,4.65,73.0,36.0,20.0
1061,Tyto alba,North America,266,4.43,BA,1.1663432645770282,3.855,73.0,36.0,20.0
1062,Tyto alba,North America,216,4.15,BA,1.1387344316183994,3.64,73.0,36.0,20.0
1063,Tyto alba,North America,258,3.58,BA,1.089384232441997,3.34,73.0,36.0,20.0
1064,Tyto alba,North America,203,3.5,BA,0.9089164397003151,3.015,73.0,36.0,20.0
1065,Tyto alba,North America,217,2.75,BA,0.8736843730428694,3.305,73.0,36.0,20.0
1066,Tyto alba,North America,97,2.16,BA,0.7032887076793648,3.24,73.0,36.0,20.0
1073,Tyto alba,Europe,451,,BA,0.8718294768362855,4.265,54.0,21.0,16.0
1074,Tyto alba,Europe,65,,BA,0.9006579139499451,4.475,39.0,14.0,14.0
1075,Tyto alba,Europe,183,,BA,1.1113062172661965,3.725,54.0,21.0,16.0
1076,Tyto alba,Europe,514,,BA,1.5457142791361782,5.97,37.0,14.0,17.0
1077,Tyto alba,Europe,738,,BA,1.279185096016928,5.27,54.0,21.0,16.0
1078,Tyto alba,Europe,185,,BA,1.3815604859862844,5.545,54.0,21.0,16.0
1079,Tyto alba,Europe,308,,BA,1.3579786341922733,5.445,39.0,14.0,14.0
1080,Tyto alba,Europe,200,,BA,1.532226834733602,5.93,36.0,12.0,11.0
1081,Tyto alba,Europe,22,,BA,1.5623814436678556,5.915,39.0,14.0,14.0
1082,Tyto alba,Europe,141,,BA,1.1049076601636494,4.955,39.0,14.0,14.0
1083,Tyto alba,Europe,376,,BA,1.5264156004026372,6.14,39.0,14.0,14.0
1084,Tyto alba,Europe,118,,BA,1.1115576515243273,4.54,42.0,15.0,18.0
1085,Tyto alba,Europe,284,,BA,1.3017859156326552,5.71,39.0,14.0,14.0
1086,Tyto alba,Europe,80,,BA,1.5134181198429024,5.85,39.0,14.0,14.0
1087,Tyto alba,South America,142,1.37,BA,0.6913555494859045,2.145,34.0,11.0,18.0
1088,Tyto alba,South America,119,1.37,BA,0.4948238204731022,2.255,34.0,11.0,18.0
1097,Tyto alba,Europe,1158,2.33,BA,2.0127354703522284,9.25,85.0,34.0,23.0
1099,Tyto alba,North America,278,1.07,DA,0.7266844313575099,2.93,53.0,21.0,18.0
1100,Tyto alba,North America,114,1.04,DA,0.8069513570825672,3.3,53.0,21.0,18.0
1101,Tyto alba,North America,34,1.06,DA,0.582912658684874,3.06,53.0,21.0,18.0
1102,Tyto alba,North America,5,1.0,DA,1.0031997743095926,2.985,53.0,21.0,18.0
1103,Tyto alba,North America,9,1.29,DA,0.6630909766641137,2.0,53.0,21.0,18.0
1104,Tyto alba,North America,29,1.21,DA,0.33145428762370377,2.24,53.0,21.0,18.0
1105,Tyto alba,North America,33,1.14,DA,0.6781762755074865,2.53,53.0,21.0,18.0
1106,Tyto alba,North America,65,1.25,DA,0.522725548215635,2.405,53.0,21.0,18.0
1107,Tyto alba,North America,453,1.27,DA,0.8141958981886762,3.465,53.0,21.0,18.0
1108,Tyto alba,North America,259,1.44,DA,1.174422267577968,4.745,53.0,21.0,18.0
1109,Tyto alba,North America,252,2.16,DA,1.1309549408583073,4.325,53.0,21.0,18.0
1110,Tyto alba,North America,33,1.44,DA,0.7665496770645975,2.495,53.0,21.0,18.0
1111,Tyto alba,North America,14,1.57,DA,0.5850371340806424,2.685,53.0,21.0,18.0
1112,Tyto alba,Africa,52,1.68,DA,0.7758198853248899,3.415,70.0,30.0,37.0
1113,Tyto alba,Africa,184,1.45,DA,0.36069880518365816,2.525,70.0,30.0,37.0
1114,Tyto alba,Africa,45,1.15,DA,0.37808148123281315,2.56,70.0,30.0,37.0
1115,Tyto alba,Africa,45,1.41,DA,0.9934033875109225,4.655,70.0,30.0,37.0
1116,Tyto alba,Africa,98,1.69,DA,0.6716212418342518,3.685,70.0,30.0,37.0
1117,Tyto alba,Africa,63,1.03,DA,0.6223755848971205,3.315,70.0,30.0,37.0
1118,Tyto alba,Africa,58,1.09,DA,0.3650167281109439,2.595,70.0,30.0,37.0
1119,Tyto alba,Africa,212,1.41,DA,1.3181371254034175,5.52,69.0,29.0,31.0
1120,Tyto alba,North America,37,,BC,1.1068151799375519,3.785,62.0,31.0,14.0
1121,Tyto alba,North America,46,,BC,1.534909490823133,5.955,62.0,31.0,14.0
1122,Tyto alba,North America,64,,BC,1.2968837231087853,5.035,62.0,31.0,14.0
1123,Tyto alba,North America,45,,BC,1.5281661556678885,5.795,62.0,31.0,14.0
1124,Tyto alba,North America,187,,BC,1.5436997012741294,6.25,62.0,31.0,14.0
1125,Tyto alba,North America,21,,BC,0.919219034714763,3.725,62.0,31.0,14.0
1126,Tyto alba,North America,28,,BC,0.9300494212086996,4.01,62.0,31.0,14.0
1148,Tyto alba,Africa,186,,DA,1.597385449679633,6.955,158.0,42.0,51.0
1149,Tyto alba,Africa,117,,DA,1.2957566486843093,5.935,158.0,42.0,51.0
1150,Tyto alba,Africa,87,,DA,1.2378861988216414,4.9,158.0,42.0,51.0
1151,Tyto alba,Africa,119,,DA,1.1001067241577944,5.32,158.0,42.0,51.0
1152,Tyto alba,Africa,102,,DA,0.7213533069855659,3.79,158.0,42.0,51.0
1153,Tyto alba,Africa,97,,DA,1.3398574860404926,5.18,158.0,42.0,51.0
1154,Tyto alba,Africa,73,,DA,1.2283523426085123,5.14,158.0,42.0,51.0
1155,Tyto alba,Africa,54,,DA,1.2333180523649987,5.625,158.0,42.0,51.0
1156,Tyto alba,Africa,36,,DA,1.181520092873165,4.585,158.0,42.0,51.0
1157,Tyto alba,Africa,90,,DA,1.5809930571523605,7.09,158.0,42.0,51.0
1158,Tyto alba,Africa,55,,DA,1.2715982244395045,5.275,158.0,42.0,51.0
1159,Tyto alba,Africa,126,,DA,1.6670192434254885,6.62,158.0,42.0,51.0
1160,Tyto alba,Africa,94,,DA,1.461975677058279,5.575,158.0,42.0,51.0
1161,Tyto capensis,Africa,101,,DA,1.454885483039208,6.015,158.0,42.0,51.0
1162,Tyto capensis,Africa,46,2.19,DA,1.5400604984891002,5.57,158.0,42.0,51.0
1165,Tyto alba,North America,1389,,BA,0.7901253606139887,4.205,53.0,25.0,16.0
1174,Tyto alba,North America,58889,1.2,BC,1.7409329849088941,7.78,62.0,31.0,14.0
1176,Tyto alba,North America,234,,BC,1.7968959273139677,7.3,57.0,31.0,13.0
1182,Tyto alba,South America,194,1.28,BB,1.4660849638307067,5.945,36.0,13.0,17.0
1187,Tyto alba,South America,729,,BB,1.635557148422328,6.5,36.0,13.0,17.0
1194,Tyto alba,South America,346,1.05,CA,1.1417605154483,4.655,36.0,18.0,7.0
1205,Tyto alba,North America,23,1.53,BC,0.8883690761653117,3.465,60.0,29.0,14.0
1230,Tyto alba,North America,350,2.61,BA,1.7114883743342575,6.855,51.0,24.0,13.0
1231,Tyto alba,North America,45,4.09,BA,1.369752681234069,5.26,51.0,24.0,13.0
1236,Tyto alba,North America,543,,BA,0.9701251585425306,4.05,46.0,22.0,15.0
1242,Tyto alba,North America,3518,5.66,BB,1.220125282756654,4.81,87.0,41.0,26.0
1270,Tyto alba,Europe,53,,BA,1.7320329542899222,7.475,67.0,26.0,21.0
1271,Tyto alba,Europe,653,,B,1.627379757319311,7.07,60.0,24.0,21.0
1273,Tyto alba,South America,136,3.46,DA,1.3354207614490088,6.175,140.0,26.0,44.0
1274,Tyto alba,South America,156,3.46,DA,0.590809973023944,3.605,140.0,26.0,44.0
1275,Tyto alba,South America,328,3.46,DA,0.9638218320647082,5.105,140.0,26.0,44.0
1276,Tyto alba,South America,121,3.46,DA,0.9760020711117376,4.78,140.0,26.0,44.0
1283,Tyto alba,North America,234,2.17,BA,1.5927029563747228,6.195,41.0,16.0,14.0
1284,Tyto alba,North America,125,1.5,BA,1.1293849936866713,4.105,41.0,16.0,14.0
1285,Tyto alba,North America,987,,BC,1.5609341031970263,6.075,95.0,49.0,24.0
1286,Tyto alba,North America,141,,BC,1.1396879347656979,4.24,95.0,49.0,24.0
1287,Tyto alba,North America,582,,BC,1.3101538541045008,5.29,95.0,49.0,24.0
1288,Tyto alba,North America,201,,BC,1.2823825280680083,4.575,95.0,49.0,24.0
1289,Tyto alba,North America,293,,BC,1.3345989880171618,4.63,95.0,49.0,24.0
1290,Tyto alba,North America,116,,BC,1.3495330716431142,5.62,95.0,49.0,24.0
1291,Tyto alba,North America,227,,BC,0.9225984219372624,3.305,95.0,49.0,24.0
1292,Tyto alba,North America,600,,BC,1.2467900042376663,4.605,95.0,49.0,24.0
1293,Tyto alba,North America,274,,BC,1.2462696701177551,4.835,95.0,49.0,24.0
1294,Tyto alba,North America,373,,BC,1.1428892296177993,4.505,95.0,49.0,24.0
1315,Tyto alba,North America,357,,BC,1.4513682455061965,5.755,88.0,47.0,23.0
1316,Tyto alba,North America,330,,BC,1.585638387433046,6.74,88.0,47.0,23.0
1317,Tyto alba,North America,679,,BC,1.6337646094453044,6.7,88.0,47.0,23.0
1318,Tyto alba,North America,702,,BC,1.6511032879529939,6.835,88.0,47.0,23.0
1319,Tyto alba,North America,561,,BC,1.3129924742597046,5.445,88.0,47.0,23.0
1320,Tyto alba,North America,350,,BC,1.3724726509149991,5.375,88.0,47.0,23.0
1321,Tyto alba,North America,108,,BC,1.3439143114601249,5.095,88.0,47.0,23.0
1322,Tyto alba,North America,110656,,BB,1.2865156080730518,5.12,93.0,47.0,22.0
1332,Tyto alba,North America,166,0.73,AA,0.32070180437261814,2.255,73.0,36.0,20.0
1333,Tyto alba,North America,612,2.21,AA,0.7376726351318901,3.785,73.0,36.0,20.0
1338,Tyto alba,North America,1112,2.54,BB,1.2059249296048267,5.19,86.0,40.0,24.0
1339,Tyto tenebricosa,Australia/Oceania,1046,,DB,1.7475682302319608,7.955,93.0,17.0,27.0
1340,Tyto tenebricosa,Australia/Oceania,292,,DB,1.6892272902507808,7.32,93.0,17.0,27.0
1341,Tyto tenebricosa,Australia/Oceania,387,,DB,1.6952647269454415,7.17,93.0,17.0,27.0
1342,Tyto tenebricosa,Australia/Oceania,330,,DB,1.4663638973961255,5.865,93.0,17.0,27.0
1343,Tyto tenebricosa,Australia/Oceania,246,,DB,1.8451578072284167,8.17,93.0,17.0,27.0
1349,Tyto alba,North America,87,1.85,BA,0.7815429115290473,3.445,55.0,25.0,17.0
1358,Tyto alba,Europe,468,,BA,1.492012096494239,5.825,82.0,31.0,34.0
1359,Tyto alba,Europe,966,,BA,1.7653077530668233,7.01,82.0,31.0,34.0
1360,Tyto alba,Europe,921,,BA,1.7043690655614552,6.885,82.0,31.0,34.0
1364,Tyto alba,North America,53,1.47,BA,0.9763756634252597,3.955,45.0,18.0,14.0
1365,Tyto alba,Europe,24587,,BA,1.6257428619545573,6.475,82.0,31.0,34.0
1366,Tyto alba,South America,84,1.79,BA,1.7223031975608634,6.65,38.0,13.0,18.0
1367,Tyto alba,South America,139,1.35,BB,1.2480313742527367,4.565,41.0,14.0,18.0
1370,Tyto alba,North America,399,2.79,CA,1.3632054579462305,5.385,104.0,58.0,23.0
1371,Tyto alba,North America,409,2.51,CA,1.445942893707546,5.16,104.0,58.0,23.0
1372,Tyto alba,Asia,32,,BB,1.5569483964722426,6.26,69.0,28.0,29.0
1402,Tyto alba,North America,11616,,DA,2.0833840796266654,9.765,61.0,23.0,20.0
1408,Tyto alba,North America,93,2.07,BA,1.231724337479415,4.87,57.0,25.0,13.0
1415,Tyto alba,North America,193,2.14,BC,1.6335617230692236,6.655,71.0,31.0,18.0
1416,Tyto alba,Europe,347,3.81,BA,1.73616941780006,7.375,69.0,25.0,23.0
1417,Tyto alba,Europe,89,2.78,BA,1.8343289514878947,8.0,69.0,25.0,23.0
1418,Tyto alba,Europe,270,3.7,BA,1.7772159540166748,7.63,69.0,25.0,23.0
1419,Tyto alba,Europe,58,3.22,BA,1.6130313007190031,7.1,69.0,25.0,23.0
1420,Tyto alba,North America,164,2.25,BA,0.7880371909072814,3.865,44.0,17.0,13.0
1421,Tyto alba,North America,45,3.0,BA,0.7916788447877765,3.57,44.0,17.0,13.0
1422,Tyto alba,North America,13,4.33,BA,0.9866641781072312,3.715,44.0,17.0,13.0
1423,Tyto alba,North America,101,,BA,1.1802128005458299,3.845,44.0,17.0,13.0
1435,Tyto alba,Europe,423,2.88,BA,1.3927668319889952,5.67,80.0,28.0,29.0
1436,Tyto alba,Europe,67,4.47,BA,1.5331491317249688,5.885,80.0,28.0,29.0
1437,Tyto alba,Europe,1019,2.98,BC,1.317149089486133,5.97,73.0,28.0,25.0
1438,Tyto alba,Europe,763,3.76,BC,1.4119959215885975,6.555,73.0,28.0,25.0
1443,Tyto alba,North America,1008,1.25,BA,0.08492837222484978,1.38,41.0,16.0,14.0
1445,Tyto alba,North America,1018,3.7,AA,1.6338217268610042,6.52,95.0,49.0,24.0
1453,Tyto alba,Africa,295,3.74,BB,1.389689460153509,6.325,61.0,18.0,28.0
1454,Tyto alba,Africa,499,3.74,BB,1.779010681328305,7.825,61.0,18.0,28.0
1455,Tyto alba,Africa,75,3.74,BB,1.5664504750341741,6.82,61.0,18.0,28.0
1456,Tyto alba,Africa,110,3.74,BB,1.2751332569412537,5.88,61.0,18.0,28.0
1457,Tyto alba,Africa,91,3.74,BB,0.8701923590530763,3.59,61.0,18.0,28.0
1458,Tyto alba,Africa,208,3.74,BB,1.0348244921749916,4.75,61.0,18.0,28.0
1460,Tyto alba,South America,225,1.3,DA,1.6361810458334978,6.81,130.0,22.0,44.0
1461,Tyto alba,South America,148,1.3,DA,0.897228256842076,3.925,130.0,22.0,44.0
1462,Tyto alba,Europe,6752,3.2,B,1.6160771287858677,6.73,67.0,22.0,28.0
1466,Tyto alba,South America,164,2.71,BA,1.2882582829486267,5.04,54.0,16.0,22.0
1467,Tyto alba,South America,71,2.71,BA,1.0113519115701244,4.655,54.0,16.0,22.0
1468,Tyto alba,South America,182,2.71,BA,1.6698087255266225,7.2,54.0,16.0,22.0
1469,Tyto alba,South America,58,2.71,BA,1.54956940457103,6.03,54.0,16.0,22.0
1471,Tyto alba,North America,219,,BA,0.8970943018441753,4.605,50.0,25.0,15.0
1472,Tyto alba,North America,52,,BA,1.3190684093919507,4.835,50.0,25.0,15.0
1473,Tyto alba,North America,107,,BA,1.3531609807625173,5.45,50.0,25.0,15.0
1474,Tyto alba,North America,37,,BA,0.7575631306374536,2.9,50.0,25.0,15.0
1475,Tyto alba,North America,116,,BA,1.1129195678485315,4.525,50.0,25.0,15.0
1476,Tyto alba,North America,52,,BA,0.9148484665860339,3.23,50.0,25.0,15.0
1477,Tyto alba,North America,34,,NA,0.5514168415134041,2.74,50.0,25.0,15.0
1478,Tyto alba,North America,25,,NA,0.5211664290515452,3.04,50.0,25.0,15.0
1479,Tyto alba,North America,71,,BA,1.4860760862327245,5.785,46.0,22.0,15.0
1480,Tyto alba,North America,85,,BA,1.344157080467301,5.61,46.0,22.0,15.0
1481,Tyto alba,North America,54,,BA,0.929370906325563,3.99,50.0,25.0,15.0
1482,Tyto alba,North America,55,,BA,0.8115531159723289,3.58,50.0,25.0,15.0
1483,Tyto alba,North America,95,,BA,1.1189300980822232,4.33,50.0,25.0,15.0
1484,Tyto alba,North America,58,,NA,1.2830701053109317,5.03,50.0,25.0,15.0
1485,Tyto alba,Europe,1426,,BA,1.5845494442813384,6.78,57.0,22.0,22.0
1486,Tyto alba,Europe,324,,BA,1.7490244024206796,7.265,57.0,22.0,22.0
1487,Tyto alba,Europe,268,,BA,1.55895356287241,6.615,57.0,22.0,22.0
1488,Tyto alba,Europe,665,,BA,1.87233507024354,8.2,57.0,22.0,22.0
1489,Tyto alba,Europe,606,,BA,1.6207688943033338,6.785,57.0,22.0,22.0
1490,Tyto alba,Europe,860,,BA,1.7133071664546884,7.04,57.0,22.0,22.0
1491,Tyto alba,Europe,641,,BA,1.5743989564591307,7.07,57.0,22.0,22.0
1492,Tyto alba,Europe,1295,,BA,1.5897468129651204,6.365,57.0,22.0,22.0
1493,Tyto alba,Europe,357,,BA,1.8114575453015564,7.885,57.0,22.0,22.0
1494,Tyto alba,Europe,1101,,BA,1.565386664361732,6.345,57.0,22.0,22.0
1495,Tyto alba,Europe,664,,BA,1.086840101476436,5.25,57.0,22.0,22.0
1496,Tyto alba,Europe,18,,BA,1.558760544801629,5.87,57.0,22.0,22.0
1497,Tyto alba,Europe,38,,BA,1.4245928199860893,5.28,57.0,22.0,22.0
1498,Tyto alba,Europe,53,,BA,1.4874263274681343,5.555,57.0,22.0,22.0
1499,Tyto alba,Europe,162,,BA,1.291789218652091,5.375,57.0,22.0,22.0
1500,Tyto alba,Europe,415,,BA,1.7462076358050567,7.26,57.0,22.0,22.0
1501,Tyto alba,Europe,1099,,BA,1.6587667048435113,7.375,57.0,22.0,22.0
1502,Tyto alba,Europe,176,,BA,1.8472937720480465,8.135,57.0,22.0,22.0
1503,Tyto alba,Europe,132,,BA,1.7299086948440268,7.28,57.0,22.0,22.0
1504,Tyto alba,Europe,204,,BA,1.3845837599339814,6.075,57.0,22.0,22.0
1505,Tyto alba,Europe,598,,BA,1.7655216066282875,7.385,57.0,22.0,22.0
1506,Tyto alba,Europe,217,,BA,1.731388605175468,7.39,57.0,22.0,22.0
1507,Tyto alba,Europe,546,,BA,1.8090221041156338,7.925,57.0,22.0,22.0
1508,Tyto alba,Europe,725,,BA,1.4582327886410575,5.76,57.0,22.0,22.0
1509,Tyto alba,Europe,625,,BA,1.678572004422103,7.09,57.0,22.0,22.0
1510,Tyto alba,Europe,907,,BA,1.449816443711845,6.39,57.0,22.0,22.0
1511,Tyto alba,Europe,9,,BA,0.9065542773724214,3.695,57.0,22.0,22.0
1512,Tyto alba,Europe,2364,,BA,1.7232850344638067,7.19,57.0,22.0,22.0
1513,Tyto alba,Europe,356,,BA,1.433859382819996,6.07,57.0,22.0,22.0
1515,Tyto alba,South America,259,1.79,BB,1.5327026579700416,6.11,49.0,20.0,17.0
1516,Tyto alba,South America,84,1.48,BB,1.4306527326519318,5.185,49.0,20.0,17.0
1517,Tyto alba,South America,32,1.68,BB,1.7630864196925364,6.935,49.0,20.0,17.0
1518,Tyto alba,South America,138,0.65,BB,1.418043903696631,6.335,49.0,20.0,17.0
1519,Tyto alba,Asia,91,1.47,DB,1.115685040214434,3.92,149.0,45.0,26.0
1520,Tyto alba,Asia,94,1.04,DB,0.11404251330142333,1.525,208.0,55.0,30.0
1521,Tyto alba,Asia,82,0.82,DB,0.3453849746927331,2.505,187.0,50.0,27.0
1538,Tyto alba,North America,196,,BB,1.3551522835914667,5.865,68.0,32.0,21.0
1539,Tyto alba,North America,27,,BB,1.3645290060619728,4.64,68.0,32.0,21.0
1540,Tyto alba,North America,192,,BB,1.5771036209903884,6.59,68.0,32.0,21.0
1541,Tyto alba,North America,75,,BB,1.2396582460614116,5.355,68.0,32.0,21.0
1542,Tyto alba,North America,69,,BB,1.3744110478128164,6.085,68.0,32.0,21.0
1543,Tyto alba,North America,374,,BB,1.6394785229722506,6.755,68.0,32.0,21.0
1573,Tyto alba,North America,889,2.57,BB,0.5345408765058708,3.31,93.0,47.0,22.0
1574,Tyto alba,North America,509,2.57,BB,0.5892533094477311,3.595,93.0,47.0,22.0
1575,Tyto alba,North America,234,2.0,BB,1.0844091535109315,5.195,93.0,47.0,22.0
1576,Tyto alba,North America,213,1.75,BB,0.6832835674474822,3.835,93.0,47.0,22.0
1589,Tyto alba,North America,283,2.08,BC,1.750782532391563,7.73,66.0,31.0,13.0
1618,Tyto alba,North America,865,,BA,0.8352331744322363,4.41,43.0,17.0,16.0
1619,Tyto alba,North America,250,2.75,DA,1.6800480652082153,6.775,159.0,60.0,40.0
1620,Tyto alba,Australia/Oceania,478,,CA,1.0964165020624868,4.88,34.0,9.0,18.0
1625,Tyto alba,Europe,816,3.09,BA,1.7154478940094844,6.95,73.0,24.0,28.0
1626,Tyto alba,Europe,502,3.06,BA,1.6927303508280596,6.955,73.0,24.0,28.0
1627,Tyto alba,Europe,446,2.93,BA,1.716398875801624,6.88,73.0,24.0,28.0
1628,Tyto alba,Europe,832,2.51,BA,1.5619009963418191,6.225,73.0,24.0,28.0
1629,Tyto alba,Europe,785,,BA,1.5470604354210482,6.245,73.0,24.0,28.0
1644,Tyto alba,North America,1888,3.05,BA,0.32489476143255636,2.45,53.0,26.0,19.0
1701,Tyto alba,North America,613,2.04,NA,1.3861326352928,5.96,79.0,36.0,25.0
1702,Tyto alba,South America,27,1.5,CA,0.9845940589567654,4.01,14.0,4.0,7.0
1703,Tyto alba,South America,13,1.86,CA,0.643480103528309,2.8,14.0,4.0,7.0
1704,Tyto alba,South America,63,1.8,CA,1.2631346641421863,6.015,14.0,4.0,7.0
1705,Tyto alba,South America,15,2.5,CA,0.9782408814073688,4.195,14.0,4.0,7.0
1706,Tyto alba,North America,55,0.92,BA,1.0855115735805534,4.675,44.0,17.0,13.0
1723,Tyto alba,North America,34,1.62,BA,1.2433322049820246,4.71,44.0,17.0,13.0
1728,Tyto alba,South America,134,3.12,BB,1.8136847466433519,7.3,38.0,14.0,16.0
1732,Tyto alba,North America,29,0.73,BA,0.8224635928783586,3.885,56.0,26.0,15.0
1735,Tyto alba,North America,883,1.49,BC,1.2237809485264917,5.11,57.0,27.0,12.0
1742,Tyto alba,North America,1163,,BC,1.5403651174376218,5.795,62.0,32.0,15.0
1829,Tyto alba,North America,1799,,BA,1.0641479761101278,4.52,52.0,26.0,15.0
1830,Tyto alba,North America,435,,BA,0.8750750773900207,3.89,52.0,26.0,15.0
1831,Tyto alba,North America,838,,BA,0.7848418758082792,3.8,52.0,26.0,15.0
1832,Tyto alba,North America,312,,BA,0.8342151987348282,3.68,52.0,26.0,15.0
1833,Tyto alba,North America,372,,BA,0.8672679753850044,3.945,52.0,26.0,15.0
1834,Tyto alba,North America,1434,,BA,0.8936926699961094,4.47,52.0,26.0,15.0
1835,Tyto alba,North America,776,,BA,1.1919090178581009,5.525,52.0,26.0,15.0
1836,Tyto alba,North America,215,,BA,0.8784075526600352,3.6,52.0,26.0,15.0
1837,Tyto alba,North America,469,,BA,0.8967896706139833,4.57,52.0,26.0,15.0
1838,Tyto alba,North America,1352,,BA,1.0970755253146824,4.51,52.0,26.0,15.0
1839,Tyto alba,North America,1764,,BA,1.1771176598850417,4.99,52.0,26.0,15.0
1840,Tyto alba,North America,1798,,BA,1.0649013384357513,4.55,52.0,26.0,15.0
1841,Tyto alba,North America,722,,BA,0.5481746085151541,3.27,52.0,26.0,15.0
1891,Tyto alba,Europe,225,2.35,BB,0.7191513519889529,3.545,62.0,21.0,24.0
1892,Tyto alba,North America,41,,CA,1.2471278396687746,4.27,105.0,50.0,30.0
1893,Tyto alba,North America,30,,CA,1.1230426069362978,3.495,105.0,50.0,30.0
1915,Tyto alba,Europe,2290,,B,1.4746316587359736,6.56,66.0,21.0,29.0
1916,Tyto alba,Europe,133,,B,1.2870614329686476,4.615,73.0,24.0,28.0
1917,Tyto alba,Europe,126,,B,1.2305885777108474,3.935,73.0,24.0,28.0
1932,Tyto alba,Asia,132,1.389,DA,1.1599989258376595,4.515,99.0,25.0,37.0
1934,Tyto alba,Asia,140,1.573,DA,1.0388008928996413,4.01,99.0,25.0,37.0
1936,Tyto alba,Asia,151,1.171,DA,1.0355693808296869,4.19,99.0,25.0,37.0
1938,Tyto alba,Asia,1127,1.332,DA,1.5684108847049394,6.41,99.0,25.0,37.0
1939,Tyto alba,Asia,1229,1.268,DA,1.2523898898704748,4.86,99.0,25.0,37.0
1940,Tyto alba,Asia,580,1.032,DA,1.2023369297288697,5.0,99.0,25.0,37.0
1968,Tyto alba,North America,422,,BA,1.3074460926370157,4.865,106.0,59.0,25.0
1969,Tyto alba,North America,1858,,BA,1.277083639108912,4.725,106.0,59.0,25.0
1970,Tyto alba,North America,2510,,BA,1.4705653806413137,5.69,106.0,59.0,25.0
1971,Tyto alba,North America,333,,BA,1.4699749987131225,5.75,106.0,59.0,25.0
1972,Tyto alba,North America,907,,BA,1.1071071318780417,3.975,106.0,59.0,25.0
1973,Tyto alba,North America,668,,BA,0.9686108890391795,3.745,106.0,59.0,25.0
1974,Tyto alba,North America,1727,,BA,0.7141017878514638,3.245,106.0,59.0,25.0
1975,Tyto alba,North America,1338,,BA,0.3647589932821667,2.56,106.0,59.0,25.0
1976,Tyto alba,North America,568,,BA,0.7830058141878523,4.065,106.0,59.0,25.0
1977,Tyto alba,North America,622,,BA,1.0081144590693865,4.44,106.0,59.0,25.0
1978,Tyto alba,North America,173,,BA,1.0965365880654552,3.72,106.0,59.0,25.0
1999,Tyto alba,North America,4628,,BC,1.6814808797149003,6.69,57.0,31.0,13.0
2000,Tyto alba,North America,4156,,BC,1.5114315343411304,6.255,57.0,31.0,13.0
2006,Tyto alba,Asia,504,4.54,NA,1.1062008161114587,4.03,60.0,23.0,20.0
2047,Tyto alba,South America,83,1.98,BB,1.6779414733929314,6.765,49.0,20.0,17.0
2048,Tyto alba,South America,68,1.94,BB,1.7021102130650008,7.075,49.0,20.0,17.0
2049,Tyto alba,South America,139,1.7,BB,1.5784769210540062,6.255,49.0,20.0,17.0
2050,Tyto alba,South America,135,1.93,BB,1.7288837807291748,7.245,49.0,20.0,17.0
2055,Tyto alba,Europe,1590,,B,1.1763081614578708,5.55,60.0,24.0,21.0
2056,Tyto alba,Europe,2035,,B,1.472510477733695,6.09,60.0,24.0,21.0
2096,Tyto alba,Europe,754,,B,1.7108597929703213,7.315,63.0,24.0,22.0
2097,Tyto alba,Europe,421,,BB,1.7114355511952999,7.315,54.0,18.0,17.0
2098,Tyto alba,Europe,137,,BB,1.5370891213975866,6.295,62.0,20.0,22.0
2099,Tyto alba,Europe,319,,BB,1.108973802147926,4.895,49.0,15.0,17.0
2100,Tyto alba,Europe,128,,BB,1.3138164889197748,5.92,49.0,15.0,17.0
2101,Tyto alba,Europe,215,,BB,1.1998293013586263,5.185,49.0,15.0,17.0
2102,Tyto alba,Europe,237,,BB,1.0680595367971668,5.06,49.0,15.0,17.0
2103,Tyto alba,Europe,143,,BB,1.3517357290290175,6.145,49.0,15.0,17.0
2104,Tyto alba,Asia,755,,BB,0.9390568171572281,4.24,68.0,27.0,15.0
2105,Tyto alba,Asia,372,,BB,1.3754653942209336,5.625,68.0,27.0,15.0
2106,Tyto alba,Asia,523,,BB,1.5509966797015533,6.015,68.0,27.0,15.0
2107,Tyto alba,Asia,239,,BB,1.586816660051705,6.665,68.0,27.0,15.0
2108,Tyto alba,Asia,457,,BB,1.6058186287681682,6.175,68.0,27.0,15.0
2109,Tyto alba,Asia,156,,BB,0.9889271869030138,4.28,60.0,23.0,20.0
2110,Tyto alba,Asia,142,,BB,1.5828193529825865,6.055,60.0,23.0,20.0
2111,Tyto alba,Asia,196,,NA,1.2222316838796323,4.665,76.0,28.0,25.0
2112,Tyto alba,Asia,18,,BB,1.21136448213991,4.26,80.0,31.0,23.0
2113,Tyto alba,Asia,155,,BB,1.2553305144523437,4.465,80.0,31.0,23.0
2114,Tyto alba,Asia,1153,,BB,1.5492687591940026,6.68,80.0,31.0,23.0
2115,Tyto alba,Asia,1244,,BB,1.0822053904270454,4.435,80.0,31.0,23.0
2116,Tyto alba,Asia,75,,BB,0.6516122535282045,3.425,80.0,31.0,23.0
2117,Tyto alba,Asia,137,,BB,0.9987844335536171,3.61,80.0,31.0,23.0
2118,Tyto alba,Asia,271,,BB,1.4209972586738178,6.015,83.0,35.0,23.0
2119,Tyto alba,Africa,66,,CA,0.202898857262486,1.795,62.0,27.0,11.0
2120,Tyto alba,Africa,233,,CA,1.4033646684319785,5.485,62.0,27.0,11.0
2121,Tyto alba,Africa,16,,CA,1.3145474734681997,4.61,67.0,30.0,12.0
2122,Tyto alba,Africa,14,,CA,1.1926627974481498,3.91,67.0,30.0,12.0
2138,Tyto alba,Europe,5868,,BA,1.0354170386833597,5.53,81.0,32.0,30.0
2139,Tyto alba,Europe,1188,,BA,1.518741834926347,7.08,81.0,32.0,30.0
2140,Tyto alba,Europe,1616,,BA,1.6187522918271577,7.5,81.0,32.0,30.0
2141,Tyto alba,Europe,328,,BA,0.9246078856583445,4.745,81.0,32.0,30.0
2142,Tyto alba,Europe,1296,,BA,0.5141184424500549,3.45,81.0,32.0,30.0
2148,Tyto alba,Asia,899,,CA,1.251343506644674,5.28,80.0,31.0,23.0
2149,Tyto alba,Asia,95,,CA,1.5582605054586194,7.49,84.0,36.0,25.0
2150,Tyto alba,Asia,3,,CA,1.048423879959002,3.0,71.0,31.0,24.0
2151,Tyto alba,Asia,724,,CA,1.704039514188949,7.14,84.0,36.0,25.0
2152,Tyto alba,Asia,18,,CA,1.3016795625795154,4.98,84.0,36.0,25.0
2153,Tyto alba,Asia,749,,CA,0.9675854826119118,4.745,84.0,36.0,25.0
2154,Tyto alba,Asia,221,,CA,1.573790097292494,7.885,84.0,36.0,25.0
2155,Tyto alba,Asia,27,,CA,2.0106397580913242,9.2,84.0,36.0,25.0
2156,Tyto alba,Asia,52,,CA,1.8964033232427118,8.62,84.0,36.0,25.0
2157,Tyto alba,Asia,3,,CA,1.0391568987694302,2.995,84.0,36.0,25.0
2249,Tyto alba,South America,15,0.75,NA,0.9846913411537037,3.635,0.0,0.0,0.0
2255,Tyto alba,Asia,,,DB,0.0,0.0,0.0,0.0,0.0
2290,Tyto alba,Europe,1043,3.13,BA,1.4798799624496117,5.685,37.0,13.0,18.0
2291,Tyto alba,North America,66,4.71,BB,0.8567972100603953,4.215,79.0,42.0,21.0
2314,Tyto alba,North America,1894,0.39,BA,0.8067833986280252,3.645,79.0,36.0,25.0
2315,Tyto alba,North America,322,0.39,BA,1.2511053069610074,4.375,79.0,36.0,25.0
2316,Tyto alba,North America,8013,0.39,NA,0.7033910348256485,4.015,79.0,36.0,25.0
2317,Tyto alba,North America,9866,0.39,AA,0.9640652780759978,4.71,79.0,36.0,25.0
2318,Tyto alba,North America,10154,0.39,AA,0.8030654639040317,3.875,79.0,36.0,25.0
2319,Tyto soumagnei,Africa,30,,DA,1.0630818924602792,3.66,103.0,15.0,20.0
2320,Tyto soumagnei,Africa,90,3.6,DA,1.4675280886964932,5.495,103.0,15.0,20.0
2321,Tyto soumagnei,Africa,52,,DA,1.7236515545273172,6.965,103.0,15.0,20.0
2326,Tyto alba,Asia,1243,2.46,BB,1.600844906510943,6.275,80.0,31.0,23.0
2327,Tyto alba,Asia,1137,3.38,BB,1.2691577831955965,5.04,80.0,31.0,23.0
2328,Tyto alba,Asia,1164,3.35,BB,1.3354932514513183,4.875,80.0,31.0,23.0
2329,Tyto alba,South America,2458,,BA,0.9364846666044767,3.755,54.0,16.0,22.0
2330,Tyto alba,South America,1804,,BA,0.7107140742942272,3.28,54.0,16.0,22.0
2331,Tyto alba,South America,3554,,BA,0.6803168140353533,2.885,50.0,13.0,20.0
2332,Tyto alba,South America,2563,,BA,0.7351693367014078,3.175,50.0,13.0,20.0
2333,Tyto alba,South America,2544,,BA,0.8508748910926472,3.125,35.0,12.0,17.0
2334,Tyto alba,South America,1441,,BA,0.9011618666645966,3.06,35.0,12.0,17.0
2335,Tyto alba,South America,3706,,BA,0.6264522868984455,3.525,37.0,16.0,13.0
2336,Tyto alba,South America,2044,,BA,0.6070316535230524,3.195,37.0,16.0,13.0
2351,Tyto alba,South America,259,,DB,1.4447877943650957,5.67,184.0,29.0,54.0
2352,Tyto alba,Europe,1833,1.96,BA,1.4327082417021888,6.5,67.0,26.0,21.0
2353,Tyto alba,Europe,547,3.44,BA,1.2216431681757205,5.46,67.0,26.0,21.0
2354,Tyto alba,Asia,2428,,BB,0.9657619450557334,3.57,80.0,31.0,23.0
2358,Tyto alba,South America,325,0.63,DB,1.7785134072805797,8.51,278.0,62.0,73.0
2360,Tyto alba,Asia,207,1.4,BB,1.0739357681704207,3.99,83.0,35.0,23.0
2361,Tyto alba,Asia,504,2.0,BB,1.1122821719037517,4.025,83.0,35.0,23.0
2379,Tyto tenebricosa,Australia/Oceania,972,1.26,BA,1.2430169510806734,4.845,56.0,6.0,24.0
2391,Tyto alba,North America,55,2.04,BB,1.3952896812971236,6.145,99.0,55.0,20.0
2392,Tyto alba,North America,17,1.13,BB,1.6682964800315516,6.285,99.0,55.0,20.0
2393,Tyto alba,North America,56,2.91,BB,0.8499188159592072,3.865,99.0,55.0,20.0
2394,Tyto alba,North America,12,1.7,BB,1.1213538128314897,4.475,99.0,55.0,20.0
2411,Tyto alba,Europe,486,,BB,1.4958052125422592,5.88,83.0,34.0,33.0
2412,Tyto alba,Europe,116,,BB,0.9192249502430033,3.955,83.0,34.0,33.0
2413,Tyto alba,Europe,296,,BB,0.7242942949149441,3.665,82.0,30.0,33.0
2414,Tyto alba,Europe,463,,BB,1.517271692017085,6.235,82.0,30.0,33.0
2415,Tyto alba,Europe,152,,BB,1.623942560445965,6.965,62.0,20.0,22.0
2416,Tyto alba,Europe,95,,BB,1.4269825411127053,5.665,62.0,20.0,22.0
2417,Tyto alba,Europe,106,,BB,1.315574956657782,5.72,49.0,15.0,17.0
2436,Tyto alba,Europe,98,,BB,1.365148370859249,5.38,83.0,34.0,33.0
2437,Tyto alba,Europe,178,,BB,1.4942979491897392,5.58,83.0,34.0,33.0
2438,Tyto alba,Europe,338,,BB,1.3192646103664405,5.115,83.0,34.0,33.0
2439,Tyto alba,Europe,281,,BB,1.177155333914114,4.15,83.0,34.0,33.0
2440,Tyto alba,Europe,934,,BB,1.2707601376319295,4.605,83.0,34.0,33.0
2441,Tyto alba,Europe,134,,BB,1.1707565917248486,4.0,83.0,34.0,33.0
2461,Tyto alba,South America,158,1.98,BA,1.5376845553109326,6.305,241.0,55.0,60.0
2478,Tyto alba,North America,287,3.04,BA,1.762259058904223,7.905,69.0,36.0,13.0
2479,Tyto alba,North America,319,3.04,BA,1.7488598076594644,7.74,69.0,36.0,13.0
2480,Tyto alba,North America,245,3.04,BA,1.2492916408383854,5.425,69.0,36.0,13.0
2481,Tyto alba,North America,291,,BA,1.592110214587176,6.55,69.0,36.0,13.0
2486,Tyto alba,South America,275,1.85,CA,1.7624905821388523,7.545,22.0,8.0,11.0
2494,Tyto alba,North America,81,1.31,DB,1.014287720802544,4.3,33.0,10.0,14.0
2566,Tyto soumagnei,Africa,24,,DB,1.5420026611909605,5.645,82.0,16.0,19.0
2567,Tyto soumagnei,Africa,78,,DB,1.079329777233792,4.075,82.0,16.0,19.0
2568,Tyto soumagnei,Africa,9,,DB,1.3618565659759108,4.73,82.0,16.0,19.0
2569,Tyto alba,Europe,7155,,BA,0.6853559079633957,3.315,78.0,28.0,25.0
2588,Tyto alba,Europe,787,,BB,1.128244449856453,5.62,52.0,16.0,23.0
2589,Tyto alba,Europe,117,,BB,0.8153521804982594,4.465,52.0,16.0,23.0
2590,Tyto alba,Europe,32,,BB,0.8724962080193245,3.605,52.0,16.0,23.0
2591,Tyto alba,Europe,227,,BB,1.7274515725185504,7.17,52.0,16.0,23.0
2592,Tyto alba,Europe,82,,BB,1.6799344237383846,7.2,52.0,16.0,23.0
2610,Tyto alba,Europe,2767,,BB,1.4483657455061811,6.235,52.0,16.0,23.0
2611,Tyto alba,North America,167,2.92,DA,2.2978433719227525,11.675,29.0,5.0,15.0
2617,Tyto alba,Australia/Oceania,241,3.17,CA,1.4331382830365686,6.145,34.0,9.0,18.0
2618,Tyto alba,Australia/Oceania,177,12.64,CA,0.607743171976404,3.585,34.0,9.0,18.0
2619,Tyto alba,Australia/Oceania,894,10.04,CA,1.0538986293615258,5.2,34.0,9.0,18.0
2620,Tyto alba,Australia/Oceania,383,4.26,CA,1.8575488107607427,8.185,34.0,9.0,18.0
2621,Tyto alba,Australia/Oceania,373,3.69,CA,1.8943552606570777,8.75,34.0,9.0,18.0
2622,Tyto alba,Australia/Oceania,259,3.75,CA,1.9691439069298422,9.175,34.0,9.0,18.0
2623,Tyto alba,Australia/Oceania,309,4.18,CA,2.0142826253993547,9.06,34.0,9.0,18.0
2624,Tyto alba,Australia/Oceania,430,4.06,CA,1.934151607958745,8.63,34.0,9.0,18.0
2633,Tyto alba,Australia/Oceania,281,3.19,DA,1.129602155763982,3.905,43.0,7.0,16.0
2634,Tyto alba,Australia/Oceania,119,2.98,CA,0.881060694840083,3.87,35.0,5.0,15.0
2635,Tyto alba,Australia/Oceania,44,1.47,DA,0.5599077040424635,2.89,47.0,11.0,22.0
2636,Tyto alba,North America,8942,2.49,BA,0.7137453681166032,3.65,79.0,36.0,25.0
2647,Tyto alba,Europe,1212,3.05,BC,1.2056014390838599,5.2,73.0,28.0,25.0
2648,Tyto alba,Europe,826,1.7,BC,0.8970172598925885,4.2,73.0,28.0,25.0
2649,Tyto alba,Europe,1054,2.1,BC,1.5531803314320212,6.945,73.0,28.0,25.0
2650,Tyto alba,Europe,531,2.23,BC,1.2430962943437813,5.33,73.0,28.0,25.0
2651,Tyto alba,Australia/Oceania,76,,NA,1.1342567676060202,4.2,5.0,2.0,4.0
2657,Tyto alba,Australia/Oceania,401,2.57,DA,1.9584314022834146,8.86,35.0,9.0,18.0
2660,Tyto alba,Europe,467,,BA,1.7003948040942194,7.055,83.0,34.0,33.0
2661,Tyto alba,Europe,115,,BA,1.4545942092646182,6.115,83.0,34.0,33.0
2662,Tyto alba,Europe,650,,BA,1.8079420067847018,7.385,83.0,34.0,33.0
2663,Tyto alba,Europe,505,,BA,1.845263711271218,7.725,83.0,34.0,33.0
2664,Tyto alba,Europe,361,,BA,1.7260306438876574,6.805,83.0,34.0,33.0
2665,Tyto alba,Europe,77,,BA,1.5772282146939818,6.29,83.0,34.0,33.0
2666,Tyto alba,Europe,32,,BA,1.6493700367033894,6.445,83.0,34.0,33.0
2667,Tyto alba,Europe,18,,BA,1.1981599394526063,3.94,83.0,34.0,33.0
2668,Tyto alba,Europe,81,,BA,1.5138104741129803,5.605,83.0,34.0,33.0
2669,Tyto alba,Europe,38,,BA,1.3988509174816075,4.625,83.0,34.0,33.0
2670,Tyto alba,Europe,57,,BB,1.5107438460112548,6.13,83.0,34.0,33.0
2671,Tyto alba,Europe,20,,BA,1.2258741164480282,5.19,83.0,34.0,33.0
2672,Tyto alba,Europe,25,,BA,1.178285932795781,4.355,83.0,34.0,33.0
2673,Tyto alba,North America,127,3.18,BA,0.49931764624904107,2.91,58.0,27.0,16.0
2676,Tyto alba,Europe,1236,,BC,1.3953551823809331,5.725,72.0,28.0,30.0
2688,Tyto alba,South America,192,4.0,DB,0.24922635415922045,2.115,171.0,41.0,60.0
2690,Tyto alba,Africa,116,1.63,DA,1.2500307949645433,5.93,131.0,45.0,38.0
2692,Tyto alba,Africa,80,1.0,DA,0.9506170187536713,4.055,131.0,45.0,38.0
2697,Tyto alba,Australia/Oceania,639,5.11,CA,1.462556713082314,6.375,36.0,9.0,17.0
2698,Tyto alba,Europe,100,0.43,B,2.043101803053199,9.275,66.0,21.0,29.0
2704,Tyto alba,South America,1739,,DB,1.262406300776532,5.085,171.0,45.0,56.0
2705,Tyto alba,Africa,68,,DA,1.283471896343065,5.64,120.0,36.0,48.0
2706,Tyto alba,Africa,54,,DA,0.936014538199792,2.985,120.0,36.0,48.0
2707,Tyto alba,Africa,134,,DA,0.8793317085999783,3.59,120.0,36.0,48.0
2708,Tyto alba,Africa,132,,DA,0.974915098195094,3.88,120.0,36.0,48.0
2709,Tyto alba,Africa,176,,DA,1.698821208230234,6.945,72.0,25.0,39.0
2710,Tyto alba,Africa,225,,DA,1.1535194339924768,4.4,78.0,25.0,38.0
2723,Tyto alba,South America,600,10.0,DA,0.8449597754416898,3.065,149.0,28.0,35.0
2724,Tyto alba,South America,728,5.09,DA,1.0572823663593518,5.575,149.0,28.0,35.0
2725,Tyto alba,South America,157,5.06,DA,0.30799399111439774,2.29,149.0,28.0,35.0
2726,Tyto alba,South America,256,2.88,DA,1.7018253166614827,6.88,149.0,28.0,35.0
2727,Tyto alba,South America,255,18.21,DA,0.37011946693622444,2.71,149.0,28.0,35.0
2728,Tyto alba,South America,210,12.35,DA,0.17488917859108155,1.79,149.0,28.0,35.0
2729,Tyto alba,South America,240,12.63,DA,0.6202764963262761,3.75,149.0,28.0,35.0
2733,Tyto alba,North America,3282,,BB,1.1896144781662732,5.37,78.0,36.0,21.0
2734,Tyto alba,North America,5300,,BB,1.6049473842675763,6.355,78.0,36.0,21.0
2736,Tyto alba,North America,1229,,BB,1.0920497676954835,4.345,93.0,47.0,22.0
2737,Tyto alba,North America,255,,BB,1.2121881547795845,4.595,93.0,47.0,22.0
2738,Tyto alba,North America,277,,BB,1.0341244003602883,4.34,93.0,47.0,22.0
2739,Tyto alba,North America,393,,BB,0.8663143835291227,3.965,93.0,47.0,22.0
2740,Tyto alba,North America,574,,BB,1.0521014668374726,4.45,93.0,47.0,22.0
2743,Tyto alba,Europe,207835,3.4,BA,1.181421103158928,4.185,42.0,15.0,18.0
2767,Tyto alba,Australia/Oceania,574,3.68,CA,1.5227042169947353,6.27,36.0,9.0,17.0
2768,Tyto alba,Australia/Oceania,244,1.78,CA,1.5561162492816805,6.35,36.0,9.0,17.0
2769,Tyto alba,Australia/Oceania,163,,CA,0.49939989833137455,3.125,35.0,9.0,17.0
2777,Tyto alba,Asia,187,1.09,CA,1.5187635339494379,5.67,51.0,15.0,23.0
2778,Tyto alba,Asia,176,1.1,CA,1.012377127008083,4.725,51.0,15.0,23.0
2779,Tyto alba,Asia,177,1.14,CA,1.213124733034637,5.19,51.0,15.0,23.0
2780,Tyto alba,Asia,376,1.07,CA,0.9921598433456381,4.6,51.0,15.0,23.0
2807,Tyto alba,South America,107,,DA,1.5012231507590263,5.95,115.0,27.0,45.0
2808,Tyto alba,South America,83,,DA,1.3568997585837963,6.145,93.0,24.0,38.0
2809,Tyto alba,South America,690,,DA,1.691950306349505,7.58,93.0,24.0,38.0
2810,Tyto alba,South America,495,,DA,1.226972981700303,6.17,93.0,24.0,38.0
2811,Tyto alba,South America,387,,DA,1.416222041743281,6.21,93.0,24.0,38.0
2812,Tyto alba,South America,239,,DA,1.1885699916521804,3.97,93.0,24.0,38.0
2813,Tyto alba,South America,139,,DA,0.6090640738696212,3.27,118.0,33.0,49.0
2814,Tyto alba,South America,155,,DA,1.299613519819145,4.48,93.0,24.0,38.0
2815,Tyto alba,South America,173,,DA,0.9585380167274974,3.88,118.0,33.0,49.0
2816,Tyto alba,South America,14,,DA,0.4908807137129593,1.995,118.0,33.0,49.0
2817,Tyto alba,South America,36,,DA,1.0745306829284254,4.39,118.0,33.0,49.0
2818,Tyto alba,South America,131,,DA,0.9851599588924265,3.855,118.0,33.0,49.0
2819,Tyto alba,South America,17,,DA,1.3654813559738554,5.26,93.0,24.0,38.0
2820,Tyto alba,South America,388,,DA,1.1914849964138552,4.44,118.0,33.0,49.0
2822,Tyto alba,Europe,1049,2.95,BA,1.7375926536833537,7.28,66.0,25.0,24.0
2823,Tyto alba,Europe,175,2.95,BA,1.617553075441091,6.84,66.0,25.0,24.0
2824,Tyto alba,Europe,357,2.95,BA,1.5844592055238158,6.55,66.0,25.0,24.0
2825,Tyto alba,Europe,370,2.95,BA,1.3788840748639428,5.205,66.0,25.0,24.0
2826,Tyto alba,Europe,402,2.85,BA,1.5327672028356485,6.22,81.0,33.0,28.0
2827,Tyto alba,Europe,435,2.85,BA,1.5488961827433245,6.195,66.0,25.0,24.0
2828,Tyto alba,Europe,358,2.85,BB,1.7712778689142743,7.415,66.0,25.0,24.0
2830,Tyto alba,Europe,1302,4.1,BC,1.8922207742947816,8.37,82.0,31.0,28.0
2850,Tyto alba,Asia,135,0.67,DB,0.7726127521486582,3.055,186.0,52.0,27.0
2851,Tyto alba,Europe,2284,2.19,BC,1.244589344405494,6.45,73.0,28.0,25.0
2852,Tyto alba,South America,495,3.46,BA,1.6457000927939491,7.04,241.0,55.0,60.0
2874,Tyto capensis,Africa,98,2.51,DA,1.7093224348524632,7.415,203.0,72.0,51.0
2900,Tyto alba,Europe,1490,4.02,BC,1.9504638610191953,8.58,70.0,30.0,28.0
2937,Tyto alba,Africa,45,1.88,DA,1.3883916102446616,5.935,84.0,28.0,32.0
2938,Tyto alba,Africa,34,1.1,DA,1.6427551162889693,6.635,84.0,28.0,32.0
2939,Tyto alba,Africa,64,2.67,DA,1.3925626047417468,5.075,84.0,28.0,32.0
2940,Tyto alba,Africa,87,3.63,DA,1.7703352638217593,7.765,84.0,28.0,32.0
2941,Tyto alba,Africa,94,2.76,DA,1.7019134615165392,6.94,84.0,28.0,32.0
2942,Tyto alba,Africa,67,2.16,DA,1.7243427128138178,7.3,84.0,28.0,32.0
2948,Tyto alba,Europe,3339,2.76,BA,1.3788556157096776,6.86,80.0,28.0,29.0
2949,Tyto alba,Europe,3274,2.77,BA,1.098261241802226,5.91,80.0,28.0,29.0
2951,Tyto alba,Africa,272,,BB,1.7208326531400469,7.54,53.0,20.0,22.0
2959,Tyto alba,South America,590,,BB,1.6588010013873324,6.755,63.0,28.0,20.0
2960,Tyto alba,South America,981,,BB,1.8884186560780263,7.965,63.0,28.0,20.0
2961,Tyto alba,South America,871,,BB,1.7245506455626822,7.175,63.0,28.0,20.0
2962,Tyto alba,South America,291,,BB,1.710004716665027,7.02,49.0,20.0,17.0
2963,Tyto alba,South America,380,,BB,1.6140368157017377,6.535,49.0,20.0,17.0
2964,Tyto alba,South America,128,,BB,1.9122986200512715,7.955,49.0,20.0,17.0
2965,Tyto alba,South America,253,,BB,1.8557715261279009,8.04,49.0,20.0,17.0
2966,Tyto alba,South America,139,,BB,1.7443643497749286,6.99,49.0,20.0,17.0
2967,Tyto alba,South America,175,,BB,1.823768399698429,7.665,49.0,20.0,17.0
2968,Tyto alba,South America,111,,BB,1.6925568279411494,7.355,40.0,17.0,14.0
2969,Tyto alba,South America,118,,BB,1.0635239872697961,4.465,23.0,9.0,13.0
2990,Tyto alba,South America,547,1.02,CA,1.994429037984081,9.34,42.0,22.0,12.0
3000,Tyto alba,South America,26,1.0,BB,1.6355636956882176,6.035,38.0,13.0,18.0
3001,Tyto alba,South America,52,1.93,BB,1.8750356457545598,7.705,38.0,13.0,18.0
3002,Tyto alba,South America,137,2.85,BB,1.673305194329969,6.75,38.0,13.0,18.0
3012,Tyto alba,Asia,14632,,BB,1.496856363252747,5.93,83.0,35.0,23.0
3025,Tyto alba,Europe,8145,3.4,BA,1.635565593710975,7.29,59.0,24.0,19.0
3049,Tyto alba,Europe,21609,2.15,BB,1.6827806590906482,7.42,75.0,27.0,27.0
3053,Tyto alba,North America,950,2.7,CA,1.2833232634247138,4.545,60.0,24.0,17.0
3054,Tyto alba,North America,208,1.96,CA,0.7141970536756278,3.305,60.0,24.0,17.0
3060,Tyto alba,Africa,203,,DA,1.9188442271701152,8.68,131.0,45.0,38.0
3061,Tyto alba,Africa,118,,DA,1.8092274323789956,7.63,131.0,45.0,38.0
3066,Tyto glaucops,North America,3827,,DB,2.042336076841625,11.255,20.0,2.0,8.0
3067,Tyto alba,North America,4495,,DB,1.4728360369744906,8.005,20.0,2.0,8.0
3077,Tyto alba,Europe,667,5.05,BB,1.076632192146317,3.88,75.0,28.0,26.0
3086,Tyto alba,South America,176,3.14,BA,1.7093242544492333,6.865,59.0,26.0,20.0
3087,Tyto alba,South America,113,1.82,BA,1.5863096098056326,6.285,59.0,26.0,20.0
3088,Tyto alba,South America,766,,BA,1.446220834317192,6.64,255.0,65.0,74.0
3089,Tyto alba,South America,369,,BA,1.2941169054783939,5.64,255.0,65.0,74.0
3092,Tyto alba,Asia,4016,,BB,1.3267403237717033,4.985,80.0,31.0,23.0
3103,Tyto alba,Africa,1421,,DA,1.4093616668926592,5.585,147.0,35.0,52.0
3104,Tyto alba,Africa,282,,DA,1.632428909287728,6.165,147.0,35.0,52.0
3120,Tyto alba,Africa,94,2.04,BA,1.2892590550660816,5.27,240.0,81.0,62.0
3121,Tyto alba,Australia/Oceania,208,,DA,1.8612718476688,7.82,35.0,7.0,16.0
3122,Tyto alba,Australia/Oceania,48,4.8,DA,1.4174456707677519,6.18,35.0,7.0,16.0
3123,Tyto alba,Australia/Oceania,82,3.73,DA,1.762728950402713,7.77,35.0,7.0,16.0
3124,Tyto alba,Australia/Oceania,282,3.62,DA,1.1418147212487955,5.185,35.0,7.0,16.0
3125,Tyto alba,Australia/Oceania,164,3.04,DA,1.55624740709763,7.32,35.0,7.0,16.0
3126,Tyto alba,Australia/Oceania,77,3.67,DA,0.862224058477465,4.09,35.0,7.0,16.0
3127,Tyto alba,Australia/Oceania,63,2.42,DA,0.06263212977212607,1.29,35.0,7.0,16.0
3128,Tyto alba,Australia/Oceania,49,2.33,DA,1.277208040159734,5.24,35.0,7.0,16.0
3129,Tyto alba,Australia/Oceania,41,2.93,DA,0.0843862666586703,1.36,35.0,7.0,16.0
3130,Tyto alba,Australia/Oceania,40,2.67,DA,1.3523716500179785,5.39,35.0,7.0,16.0
3131,Tyto alba,Australia/Oceania,151,2.19,DA,1.375382251072172,6.24,35.0,7.0,16.0
3132,Tyto alba,Australia/Oceania,238,3.09,DA,1.2879831503622976,5.145,35.0,8.0,14.0
3133,Tyto alba,Australia/Oceania,522,5.27,DA,1.984702906420496,9.265,33.0,9.0,16.0
3134,Tyto alba,Australia/Oceania,26,,DA,1.7751907504102797,7.555,35.0,8.0,14.0
3135,Tyto alba,Australia/Oceania,86,4.1,DA,1.0131455298588865,4.24,33.0,8.0,16.0
3136,Tyto alba,Australia/Oceania,55,2.75,DA,1.5354171895622621,6.075,30.0,5.0,14.0
3137,Tyto alba,Australia/Oceania,93,2.66,CA,1.0012422436492698,4.47,30.0,5.0,14.0
3138,Tyto alba,Europe,42,1.83,BC,1.0572984921879425,5.55,73.0,28.0,25.0
3139,Tyto alba,Europe,81,1.8,BC,1.9901216923428922,9.43,73.0,28.0,25.0
3140,Tyto alba,Europe,243,1.52,BC,1.3362675312385355,6.635,73.0,28.0,25.0
3141,Tyto alba,Europe,359,1.95,BC,1.4940578474766872,6.915,73.0,28.0,25.0
3142,Tyto alba,Europe,214,2.21,BC,1.1372954533648727,5.655,73.0,28.0,25.0
3143,Tyto alba,Europe,501,1.94,BC,1.2107965871544801,6.1,73.0,28.0,25.0
3144,Tyto alba,Europe,12,2.0,BC,0.2706445143885837,1.83,73.0,28.0,25.0
3145,Tyto alba,Europe,211,2.07,BC,1.1008873001341482,5.06,73.0,28.0,25.0
3146,Tyto alba,Europe,256,2.29,BC,0.9812989618682805,4.97,73.0,28.0,25.0
3147,Tyto alba,Europe,24,2.67,BC,0.40140542358356973,2.4,73.0,28.0,25.0
3148,Tyto alba,Europe,144,2.09,BC,1.4723682588897602,6.23,73.0,28.0,25.0
3149,Tyto alba,Europe,530,2.26,BC,0.9916976320772452,5.225,73.0,28.0,25.0
3150,Tyto alba,Europe,39,1.7,BC,0.7903816404433733,3.625,73.0,28.0,25.0
3151,Tyto alba,Europe,311,2.43,BC,1.3253423205911665,5.325,73.0,28.0,25.0
3152,Tyto alba,Europe,25,1.56,BC,0.5456781334101776,3.205,73.0,28.0,25.0
3169,Tyto alba,Europe,1915,,BA,1.0990908379978652,5.045,60.0,25.0,21.0
3170,Tyto alba,Africa,226,3.83,DA,1.850580095254645,8.415,33.0,4.0,17.0
3179,Tyto alba,Africa,2478,9.95,DA,1.3124006496259244,5.885,53.0,6.0,17.0
3180,Tyto alba,Africa,547,3.3,DA,1.6597720688499056,6.915,53.0,6.0,17.0
3181,Tyto alba,South America,148,,DB,0.7914167570360655,4.2,125.0,20.0,42.0
3182,Tyto alba,Europe,111,2.58,BA,1.6497209053262223,6.6,60.0,24.0,21.0
3190,Tyto alba,Asia,68,,DA,1.1535469344773899,4.415,84.0,21.0,34.0
3191,Tyto alba,Asia,39,,DA,1.411738036073548,6.075,84.0,21.0,34.0
3194,Tyto alba,South America,16,,AA,-0.0,1.0,1.0,0.0,0.0
3195,Tyto alba,South America,179,,BA,0.9775071927763389,3.47,58.0,22.0,23.0
3196,Tyto alba,South America,210,,BA,0.566616824275162,2.585,58.0,22.0,23.0
3197,Tyto alba,South America,594,,BA,0.8579359885193104,3.38,35.0,12.0,17.0
3198,Tyto alba,South America,491,,BA,1.0633087971480994,3.19,35.0,12.0,17.0
3199,Tyto alba,South America,364,,BA,0.7978877699630457,3.11,37.0,16.0,13.0
3200,Tyto alba,South America,310,,BA,1.1815702794281768,3.99,29.0,13.0,12.0
3201,Tyto alba,South America,330,,BA,0.9311058701107439,3.81,37.0,16.0,13.0
3202,Tyto alba,South America,192,,BA,1.2224249463587578,4.825,50.0,20.0,19.0
3203,Tyto alba,South America,584,,NA,1.0777725882328448,4.07,50.0,20.0,19.0
3431,Tyto alba,South America,314,,DA,0.9541820239627509,4.015,7.0,5.0,3.0
3432,Tyto alba,South America,76,,DA,1.0193123807516162,4.005,7.0,5.0,3.0
3433,Tyto alba,Australia/Oceania,952,3.46,BA,0.14226158676200515,1.675,53.0,5.0,23.0
3441,Tyto alba,Asia,3530,1.24,DB,0.4023657485222779,2.695,187.0,50.0,27.0
3443,Tyto alba,Africa,6,,BA,1.2523173492010533,3.955,123.0,42.0,35.0
3444,Tyto alba,Africa,50,,BA,0.6135975277309879,2.595,123.0,42.0,35.0
3445,Tyto alba,Africa,108,,BA,0.9086426076612093,3.28,123.0,42.0,35.0
3446,Tyto alba,Africa,49,,BA,1.538293879105845,6.5,123.0,42.0,35.0
3447,Tyto alba,Africa,7,,BA,1.3621513124814666,4.815,123.0,42.0,35.0
3448,Tyto alba,Africa,21,,BA,1.2793210805837942,4.62,123.0,42.0,35.0
3449,Tyto alba,Africa,49,,BA,1.7897985659208688,7.385,123.0,42.0,35.0
3450,Tyto alba,Africa,11,,BA,1.5335264893918419,5.475,123.0,42.0,35.0
3474,Tyto alba,Europe,18489,,BA,1.6872012997844532,6.74,56.0,21.0,20.0
3475,Tyto alba,South America,136,,BA,1.0484361839593026,4.38,43.0,14.0,21.0
3476,Tyto alba,South America,200,,BA,1.1372027389621504,5.22,43.0,14.0,21.0
3477,Tyto alba,South America,187,,BA,1.473200726781672,5.66,43.0,14.0,21.0
3478,Tyto alba,South America,402,,BA,1.3738516233241163,5.485,43.0,14.0,21.0
3479,Tyto alba,South America,225,,BA,1.8067464436841387,8.15,43.0,14.0,21.0
3480,Tyto alba,South America,151,,BA,1.5192768004013681,6.225,43.0,14.0,21.0
3481,Tyto alba,South America,91,,BA,1.4341359364691306,5.185,43.0,14.0,21.0
3482,Tyto alba,South America,263,,BA,1.106358451294251,3.505,43.0,14.0,21.0
3483,Tyto alba,South America,167,,BA,1.070152085318991,3.945,43.0,14.0,21.0
3484,Tyto alba,South America,178,,BA,0.9469948874236986,3.31,58.0,22.0,23.0
3485,Tyto alba,South America,421,,BA,1.1932429505570323,4.32,43.0,14.0,21.0
3486,Tyto alba,South America,111,,BA,1.0561811916839254,3.755,43.0,14.0,21.0
3487,Tyto alba,South America,228,,BA,1.049193258936102,3.1,43.0,14.0,21.0
3488,Tyto alba,South America,561,,BA,0.9605268002046364,3.295,43.0,14.0,21.0
3489,Tyto alba,South America,177,,BA,0.9799348483453372,4.07,62.0,20.0,25.0
3490,Tyto alba,South America,50,,BA,1.1509106286750217,4.86,43.0,14.0,21.0
3491,Tyto alba,South America,424,,BA,1.124749665701551,3.76,43.0,14.0,21.0
3492,Tyto alba,South America,142,,BA,1.1703503574886418,4.585,43.0,14.0,21.0
3493,Tyto alba,South America,157,,BA,1.7440544956866322,7.725,43.0,14.0,21.0
3494,Tyto alba,South America,112,,BA,1.2473047869424796,4.315,43.0,14.0,21.0
3495,Tyto alba,South America,112,,BA,1.0356861955200878,3.375,43.0,14.0,21.0
3496,Tyto alba,South America,216,,BA,1.5164725706450883,5.535,43.0,14.0,21.0
3497,Tyto alba,South America,156,,BA,1.0356942426803344,3.7,43.0,14.0,21.0
3498,Tyto alba,South America,284,,BA,0.7983135064552969,3.17,43.0,14.0,21.0
