"POLYFID","species"
1,17
5,7
6,9
7,5
25,8
26,16
27,22
28,23
29,23
32,10
33,11
34,9
35,13
36,10
37,5
58,18
59,21
60,8
62,12
63,15
64,16
65,18
66,17
67,12
68,5
79,1
80,1
81,1
91,12
92,7
93,8
94,10
95,13
96,16
97,17
98,16
99,17
100,12
101,4
110,3
111,1
112,1
113,1
114,1
115,1
123,2
125,6
126,8
127,13
128,17
129,17
130,17
131,17
132,17
133,9
141,3
142,3
143,3
144,1
145,1
146,1
147,1
148,1
149,1
155,1
159,7
160,16
161,16
162,18
163,18
164,17
165,17
166,11
169,3
170,3
171,3
172,2
173,4
174,3
175,3
176,2
177,1
178,1
180,1
181,1
182,1
185,3
187,1
194,16
195,20
196,17
197,18
198,17
199,13
200,6
201,4
202,4
203,3
204,3
205,3
206,4
207,3
208,3
209,3
210,1
213,1
214,2
215,2
217,3
218,3
227,18
228,21
229,17
230,17
231,18
232,12
233,7
234,4
235,4
236,3
237,2
238,3
239,3
240,4
241,3
242,3
243,1
246,2
247,2
249,5
250,5
260,19
261,18
262,17
263,17
264,16
265,12
266,8
267,4
268,4
269,4
270,4
271,3
272,3
275,2
276,2
278,2
279,3
282,3
292,17
293,20
294,18
295,18
296,17
297,15
298,12
299,6
300,4
301,4
302,4
303,3
304,4
305,4
306,3
308,2
309,3
311,3
312,3
324,13
325,19
326,19
327,18
328,17
329,16
330,15
331,12
332,6
333,4
334,4
335,4
336,4
337,3
338,3
339,3
341,3
342,3
343,1
344,2
357,17
358,19
359,17
360,18
361,17
362,16
363,15
364,10
365,5
366,4
367,4
368,4
369,4
370,3
371,3
372,3
373,3
374,3
375,3
376,2
377,2
389,12
390,18
391,20
392,20
393,19
394,16
395,16
396,15
397,10
398,6
399,4
400,4
401,4
402,4
403,4
404,3
405,3
407,3
408,3
409,3
410,3
421,9
422,17
423,21
424,19
425,20
426,18
427,16
428,16
429,13
430,11
431,5
432,5
433,4
434,4
435,4
436,4
437,4
440,2
441,3
442,3
454,15
455,21
456,20
457,20
458,21
459,17
460,16
461,16
462,13
463,9
464,7
465,3
466,4
467,5
468,5
469,4
470,4
487,20
488,25
489,23
490,24
491,21
492,19
493,15
494,16
495,16
496,13
499,4
500,5
501,5
502,6
503,6
519,19
520,25
521,25
522,24
523,25
524,25
525,19
526,16
527,15
528,16
529,12
532,7
533,7
534,8
535,8
536,9
551,20
552,27
553,27
554,26
555,25
556,22
557,24
558,20
559,18
560,16
561,15
562,13
564,5
565,6
566,10
567,11
568,12
569,11
570,9
583,22
584,27
585,26
586,25
587,24
588,18
589,17
590,23
591,18
592,19
593,17
594,16
595,13
596,10
597,11
598,9
599,10
600,9
601,11
602,10
603,9
615,25
616,27
617,23
618,24
619,25
620,23
621,18
622,16
623,23
624,20
625,18
626,17
627,17
628,13
629,13
630,10
631,9
632,9
633,10
634,10
635,11
647,25
648,26
649,21
650,21
651,24
652,24
653,22
654,17
655,15
656,22
657,21
658,18
659,17
660,16
661,15
662,15
663,13
664,13
665,15
666,13
667,11
679,19
680,25
681,23
682,18
683,20
684,23
685,24
686,20
687,14
688,16
689,20
690,21
691,18
692,17
693,17
694,17
695,16
696,15
697,18
698,18
699,18
712,21
713,21
714,17
715,19
716,22
717,24
718,24
719,16
720,15
721,15
722,20
723,19
724,19
725,18
726,18
727,17
728,17
729,17
730,19
731,18
744,14
745,20
746,19
747,22
748,22
749,24
750,24
751,23
752,16
753,15
754,17
755,19
756,17
757,16
758,20
759,20
760,20
761,21
762,20
763,18
777,17
778,25
779,29
780,22
781,22
782,23
783,27
784,15
785,13
786,15
787,16
788,18
789,18
790,18
791,19
792,20
793,20
794,18
795,17
808,3
809,3
810,20
811,21
812,30
813,23
814,26
815,25
816,18
817,12
818,15
819,14
820,17
821,16
822,16
823,19
824,19
825,19
826,17
827,19
841,3
842,16
843,18
844,28
845,30
846,26
847,21
848,19
849,13
850,13
851,13
852,13
853,14
854,13
855,17
856,18
857,17
858,16
859,18
874,11
875,17
876,27
877,33
878,26
879,23
880,18
881,13
882,14
883,13
884,14
885,15
886,14
887,15
888,15
889,13
890,19
891,16
907,15
908,20
909,39
910,24
911,20
912,18
913,16
914,15
915,14
916,12
917,13
918,13
919,12
920,13
921,14
922,17
923,15
940,14
941,30
942,37
943,19
944,22
945,17
946,15
947,12
948,11
949,12
950,12
951,12
952,13
953,13
954,13
955,15
972,12
973,12
974,38
975,29
976,18
977,23
978,19
979,17
980,18
981,13
982,12
983,13
984,13
985,12
986,12
987,15
1002,2
1003,1
1004,1
1006,22
1007,39
1008,22
1009,26
1010,30
1011,20
1012,17
1013,11
1014,14
1015,12
1016,13
1017,13
1018,13
1019,13
1021,11
1022,12
1023,12
1026,13
1028,17
1029,16
1030,16
1031,16
1032,12
1033,10
1048,12
1049,2
1050,14
1051,19
1062,16
1063,14
1064,12
1065,11
1066,9
1079,8
1080,15
1081,15
1084,1
1095,4
1097,10
1098,10
1112,14
1113,16
1116,14
1117,3
1143,3
1144,8
1145,17
1146,18
1147,14
1148,4
1149,4
1176,8
1177,13
1178,18
1179,14
1180,15
1181,3
1182,3
1209,2
1210,11
1211,16
1212,14
1213,15
1214,3
1242,14
1243,17
1244,4
1245,16
1246,16
1247,3
1275,16
1277,4
1278,8
1279,7
1280,8
1306,13
1311,7
1312,8
1313,7
1331,2
1338,19
1339,28
1345,9
1346,6
1363,2
1364,2
1370,18
1371,28
1372,50
1374,42
1378,6
1379,6
1380,1
1397,2
1402,13
1403,27
1404,50
1405,54
1406,51
1407,60
1408,35
1412,3
1435,24
1437,63
1438,52
1439,59
1440,53
1441,43
1442,3
1444,3
1445,3
1468,3
1469,62
1470,60
1471,66
1472,63
1473,59
1474,54
1475,4
1477,4
1496,4
1497,4
1500,55
1501,66
1502,73
1503,63
1504,52
1505,40
1506,44
1507,49
1508,47
1509,10
1529,2
1531,1
1532,74
1533,77
1534,65
1535,57
1536,47
1537,53
1538,56
1539,55
1540,54
1541,45
1561,7
1562,7
1563,1
1564,78
1565,61
1566,47
1567,43
1568,40
1569,42
1570,49
1571,49
1572,54
1573,55
1574,49
1593,7
1594,8
1595,11
1596,76
1597,42
1598,44
1599,43
1600,39
1601,37
1602,38
1603,40
1604,52
1605,55
1606,57
1626,1
1627,6
1628,68
1629,62
1630,46
1631,47
1632,43
1633,40
1634,38
1635,37
1636,43
1637,53
1638,55
1639,54
1640,52
1658,3
1659,6
1660,31
1661,66
1662,48
1663,46
1664,46
1665,44
1666,43
1667,40
1668,42
1669,47
1670,53
1671,46
1672,53
1673,54
1690,2
1691,6
1692,13
1693,61
1694,49
1695,45
1696,44
1697,45
1698,43
1699,44
1700,44
1701,46
1702,42
1703,43
1704,42
1705,48
1706,54
1719,7
1723,7
1724,1
1725,29
1726,69
1727,46
1728,44
1729,44
1730,43
1731,45
1732,46
1733,48
1734,50
1735,48
1736,45
1737,43
1738,49
1751,4
1752,5
1755,15
1757,14
1758,63
1759,60
1760,47
1761,46
1762,46
1763,45
1764,46
1765,47
1766,48
1767,49
1768,52
1769,52
1770,51
1771,52
1784,7
1787,31
1789,9
1790,18
1791,63
1792,70
1793,50
1794,51
1795,51
1796,45
1797,44
1798,44
1799,43
1800,44
1801,49
1802,55
1803,54
1804,52
1819,39
1822,10
1823,14
1824,54
1825,68
1826,53
1827,55
1828,48
1829,45
1830,46
1831,45
1832,44
1833,43
1834,46
1835,49
1836,51
1837,49
1855,11
1856,14
1857,62
1858,63
1859,52
1860,53
1861,52
1862,48
1863,48
1864,48
1865,44
1866,45
1867,45
1868,44
1869,46
1870,41
1888,12
1889,11
1890,69
1891,61
1892,52
1893,57
1894,53
1895,49
1896,47
1897,44
1898,46
1899,47
1900,43
1901,39
1902,39
1903,38
1904,31
1920,7
1921,10
1922,13
1923,70
1924,54
1925,50
1926,53
1927,50
1928,49
1929,47
1930,46
1931,44
1932,38
1933,38
1934,37
1935,34
1936,31
1937,29
1948,1
1952,6
1953,7
1954,13
1955,55
1956,49
1957,46
1958,45
1959,51
1960,49
1961,49
1962,45
1963,40
1964,39
1965,41
1966,41
1967,40
1968,33
1969,30
1970,29
1984,7
1985,8
1986,32
1987,55
1988,43
1989,41
1990,47
1991,45
1992,44
1993,46
1994,46
1995,43
1996,41
1997,41
1998,40
1999,37
2000,34
2001,34
2002,31
2003,30
2004,1
2005,1
2015,9
2016,11
2017,11
2018,45
2019,52
2020,33
2021,39
2022,46
2023,48
2024,44
2025,43
2026,45
2027,45
2028,43
2029,42
2030,39
2031,40
2032,41
2033,35
2034,38
2035,36
2050,36
2051,46
2052,42
2053,31
2054,6
2055,5
2056,7
2057,8
2058,9
2059,12
2060,19
2061,25
2062,23
2063,28
2064,26
2065,28
2066,29
2067,28
2068,22
2069,20
2070,20
2071,18
2072,17
2073,16
2074,17
2075,16
2083,39
2084,45
2085,37
2086,22
2087,2
2088,6
2089,1
2090,4
2091,6
2092,11
2093,19
2094,22
2095,27
2096,27
2097,27
2098,28
2099,26
2100,30
2101,24
2102,22
2103,21
2104,18
2105,19
2106,21
2107,21
2114,28
2115,43
2116,43
2117,45
2118,34
2119,12
2120,2
2124,1
2125,3
2126,11
2127,18
2128,24
2129,24
2130,22
2131,23
2132,28
2133,29
2134,30
2135,25
2136,21
2137,20
2138,23
2139,21
2147,39
2148,49
2149,45
2150,41
2151,32
2152,12
2153,2
2156,1
2157,2
2158,4
2159,6
2160,12
2161,21
2162,23
2163,4
2164,15
2166,29
2167,23
2168,22
2169,24
2170,22
2171,23
2179,30
2180,49
2181,46
2182,41
2183,37
2184,30
2185,15
2186,2
2189,1
2190,3
2191,3
2192,5
2193,11
2194,16
2195,22
2196,1
2197,1
2198,18
2199,23
2200,22
2201,26
2202,26
2203,23
2211,24
2212,37
2213,55
2214,45
2215,40
2216,41
2217,37
2218,25
2219,3
2220,3
2221,2
2222,3
2223,3
2224,4
2225,4
2226,10
2227,15
2228,20
2229,23
2230,17
2231,21
2232,21
2233,31
2234,28
2235,30
2244,29
2245,44
2246,53
2247,48
2248,43
2249,41
2250,36
2251,20
2252,6
2253,6
2254,4
2255,5
2256,6
2257,4
2258,5
2259,7
2260,18
2261,24
2262,19
2263,10
2264,22
2265,26
2266,29
2267,25
2277,27
2278,45
2279,55
2280,46
2281,43
2282,39
2283,27
2284,17
2285,9
2286,5
2287,6
2288,7
2289,5
2290,2
2291,2
2292,11
2293,15
2294,4
2295,20
2296,22
2297,19
2298,27
2299,29
2310,32
2311,44
2312,54
2313,49
2314,46
2315,37
2316,26
2317,13
2318,7
2319,8
2320,8
2321,5
2322,4
2323,2
2324,8
2325,9
2327,13
2328,17
2329,24
2330,28
2331,32
2343,27
2344,45
2345,44
2346,48
2347,46
2348,38
2349,25
2350,14
2351,13
2352,5
2353,6
2354,5
2355,1
2357,9
2358,7
2361,17
2362,27
2363,33
2377,42
2378,50
2379,41
2380,44
2381,38
2382,26
2383,16
2384,13
2385,5
2386,5
2387,2
2388,3
2389,3
2390,5
2393,14
2394,22
2395,24
2410,36
2411,50
2412,43
2413,42
2414,37
2415,26
2416,15
2417,7
2418,4
2420,2
2421,3
2423,3
2424,7
2426,17
2427,23
2442,30
2443,37
2444,48
2445,48
2446,42
2447,39
2448,26
2449,10
2450,6
2451,2
2452,1
2453,1
2454,1
2455,2
2456,5
2457,6
2458,13
2459,19
2475,32
2476,46
2477,45
2478,43
2479,40
2480,38
2481,24
2482,8
2483,6
2484,3
2485,2
2486,1
2487,2
2488,1
2489,5
2490,4
2505,1
2506,3
2507,3
2508,40
2509,51
2510,47
2511,44
2512,43
2513,38
2514,24
2515,8
2516,5
2517,3
2518,2
2519,1
2520,1
2521,3
2522,5
2523,2
2538,28
2539,30
2540,31
2541,37
2542,53
2543,42
2544,43
2545,43
2546,36
2547,26
2548,11
2549,5
2550,2
2551,2
2552,1
2553,3
2554,3
2555,11
2571,34
2572,31
2573,30
2574,35
2575,48
2576,44
2577,41
2578,41
2579,35
2580,28
2581,16
2582,4
2583,2
2584,3
2585,3
2586,4
2587,11
2603,39
2604,35
2605,33
2606,33
2607,35
2608,44
2609,40
2610,39
2611,39
2612,35
2613,32
2614,16
2615,5
2616,1
2617,2
2618,5
2619,10
2635,41
2636,40
2637,38
2638,35
2639,33
2640,36
2641,38
2642,43
2643,41
2644,40
2645,37
2646,29
2647,13
2648,3
2649,2
2650,7
2651,10
2666,38
2667,43
2668,41
2669,37
2670,35
2671,32
2672,26
2673,36
2674,37
2675,42
2676,42
2677,39
2678,37
2679,25
2680,11
2681,7
2682,5
2683,12
2696,28
2697,33
2698,38
2699,46
2700,49
2701,36
2702,37
2703,30
2704,26
2705,26
2706,35
2707,37
2708,37
2709,39
2710,37
2711,34
2712,27
2713,16
2714,7
2715,5
2728,32
2729,41
2730,41
2731,40
2732,44
2733,39
2734,39
2735,32
2736,28
2737,25
2738,26
2739,36
2740,39
2741,39
2742,38
2743,35
2744,36
2745,32
2746,16
2747,9
2759,21
2760,34
2761,42
2762,41
2763,39
2764,38
2765,39
2766,37
2767,37
2768,29
2769,27
2770,25
2771,28
2772,41
2773,41
2774,39
2775,36
2776,37
2777,37
2778,34
2779,19
2791,21
2792,33
2793,43
2794,48
2795,41
2796,37
2797,36
2798,38
2799,37
2800,37
2801,34
2802,29
2803,26
2804,32
2805,46
2806,41
2807,36
2808,38
2809,39
2810,40
2811,38
2822,1
2823,24
2824,30
2825,39
2826,42
2827,42
2828,39
2829,46
2830,44
2831,39
2832,38
2833,39
2834,35
2835,29
2836,30
2837,44
2838,53
2839,43
2840,39
2841,44
2842,44
2843,52
2854,16
2855,22
2856,30
2857,30
2858,31
2859,45
2860,45
2861,46
2862,48
2863,48
2864,44
2865,41
2866,45
2867,52
2868,60
2869,66
2870,68
2871,55
2872,45
2873,50
2874,52
2875,51
2886,15
2887,22
2888,29
2889,29
2890,28
2891,34
2892,44
2893,46
2894,48
2895,49
2896,48
2897,47
2898,46
2899,53
2900,61
2901,60
2902,59
2903,61
2904,52
2905,50
2906,54
2907,56
2918,26
2919,22
2920,24
2921,32
2922,29
2923,29
2924,39
2925,44
2926,52
2927,49
2928,48
2929,48
2930,50
2931,51
2932,48
2933,48
2934,48
2935,53
2936,58
2937,50
2938,55
2939,55
2950,29
2951,30
2952,25
2953,27
2954,32
2955,37
2956,37
2957,43
2958,52
2959,53
2960,51
2961,49
2962,48
2963,51
2964,49
2965,48
2966,51
2967,58
2968,60
2969,57
2970,46
2971,53
2983,32
2984,34
2985,31
2986,32
2987,37
2988,42
2989,46
2990,53
2991,47
2992,51
2993,51
2994,49
2995,52
2996,52
2997,53
2998,51
2999,58
3000,62
3001,61
3002,48
3003,39
3016,32
3017,35
3018,30
3019,32
3020,38
3021,51
3022,52
3023,52
3024,53
3025,52
3026,51
3027,53
3028,52
3029,53
3030,57
3031,55
3032,60
3033,57
3034,49
3035,29
3049,32
3050,34
3051,37
3052,46
3053,53
3054,48
3055,44
3056,53
3057,52
3058,52
3059,51
3060,42
3061,45
3062,50
3063,54
3064,59
3065,53
3066,44
3067,38
3068,33
3069,33
3070,30
3071,35
3072,50
3073,56
3074,48
3075,48
3076,46
3077,39
3078,12
3079,6
3080,8
3081,13
3082,11
3083,12
3084,12
3085,6
3087,15
3088,27
3089,28
3090,33
3091,34
3092,27
3093,28
3094,30
3095,25
3096,21
3097,22
3098,22
3099,19
3101,29
3102,26
3103,27
3104,29
3105,44
3106,46
3107,38
3108,47
3109,42
3110,18
3111,10
3112,4
3113,5
3114,3
3115,13
3116,24
3117,23
3118,8
3119,24
3120,31
3121,32
3122,27
3123,29
3124,30
3125,27
3126,26
3127,30
3128,28
3129,24
3130,19
3131,17
3134,20
3135,24
3136,25
3137,31
3138,39
3139,30
3140,27
3141,18
3142,19
3143,15
3144,11
3145,7
3146,8
3147,10
3148,13
3149,25
3150,23
3151,20
3152,29
3153,26
3154,29
3156,28
3157,30
3158,27
3159,30
3160,30
3161,31
3162,28
3163,24
3167,7
3168,14
3169,18
3170,31
3171,29
3172,20
3173,23
3174,21
3175,20
3176,12
3177,7
3178,6
3179,9
3180,9
3181,6
3182,8
3183,15
3184,25
3185,28
3186,29
3187,15
3188,24
3189,29
3190,29
3191,31
3192,33
3193,30
3194,30
3195,29
3200,5
3201,9
3202,15
3203,21
3204,5
3205,10
3206,9
3207,6
3208,5
3209,7
3210,8
3211,7
3212,10
3213,3
3214,2
3215,9
3216,15
3217,25
3218,26
3219,12
3220,27
3221,26
3222,28
3223,30
3224,29
3225,32
3226,31
3227,29
3234,7
3235,11
3236,13
3237,4
3238,8
3239,1
3240,3
3241,3
3242,9
3243,8
3244,6
3245,2
3246,5
3247,9
3248,16
3249,22
3250,29
3251,21
3252,27
3253,29
3254,29
3255,30
3256,31
3257,32
3258,31
3259,30
3268,10
3269,8
3270,7
3271,6
3274,5
3275,7
3276,6
3277,7
3278,7
3279,17
3280,25
3281,26
3282,34
3283,33
3284,30
3285,26
3286,30
3287,27
3288,28
3289,31
3290,33
3291,30
3301,7
3303,7
3304,3
3305,1
3306,1
3307,8
3308,10
3309,6
3310,17
3311,19
3312,18
3313,26
3314,32
3315,31
3316,31
3317,25
3318,24
3319,28
3320,27
3321,30
3322,31
3323,32
3326,3
3334,7
3336,12
3337,4
3338,3
3339,8
3340,5
3341,11
3342,20
3343,17
3344,19
3345,29
3346,29
3347,28
3348,29
3349,24
3350,21
3351,25
3352,28
3353,29
3354,32
3355,32
3368,5
3369,10
3370,6
3371,6
3372,12
3373,14
3374,21
3375,17
3376,17
3377,30
3378,1
3379,23
3380,12
3381,12
3382,22
3383,23
3384,26
3385,27
3386,32
3387,30
3402,8
3403,14
3404,15
3405,23
3406,18
3407,12
3408,6
3409,22
3410,29
3411,19
3412,13
3413,13
3414,15
3415,18
3416,23
3417,29
3418,33
3419,33
3435,10
3436,12
3437,9
3438,15
3439,10
3440,9
3441,11
3442,26
3443,25
3444,14
3445,11
3446,12
3447,16
3448,21
3449,29
3450,32
3451,32
3469,10
3470,13
3471,11
3472,11
3473,15
3474,23
3475,24
3476,18
3477,16
3478,13
3479,16
3480,20
3481,28
3482,31
3483,31
3502,13
3503,8
3504,10
3505,13
3506,19
3507,23
3508,18
3509,17
3510,18
3511,23
3512,20
3513,23
3514,29
3515,30
3534,15
3535,16
3536,11
3537,12
3538,15
3539,22
3540,21
3541,23
3542,16
3543,24
3544,24
3545,19
3546,28
3547,30
3566,19
3567,22
3568,24
3569,21
3570,16
3571,19
3572,23
3573,25
3574,23
3575,26
3576,24
3577,18
3578,22
3579,30
3598,19
3599,22
3600,20
3601,26
3602,27
3603,24
3604,24
3605,24
3606,28
3607,28
3608,27
3609,20
3610,20
3611,29
3624,1
3625,3
3626,6
3630,24
3631,24
3632,22
3633,20
3634,23
3635,29
3636,37
3637,22
3638,26
3639,29
3640,29
3641,20
3642,21
3643,23
3657,7
3658,10
3659,33
3660,38
3661,34
3662,32
3663,32
3664,27
3665,22
3666,20
3667,19
3668,42
3669,33
3670,20
3671,28
3672,31
3673,27
3674,20
3675,25
3690,37
3691,42
3692,39
3693,34
3694,31
3695,34
3696,32
3697,26
3698,23
3699,26
3700,48
3701,32
3702,20
3703,22
3704,30
3705,34
3706,26
3707,23
3722,37
3723,39
3724,33
3725,27
3726,26
3727,27
3728,33
3729,31
3730,25
3731,32
3732,51
3733,37
3734,9
3735,9
3736,25
3737,33
3738,36
3739,29
3753,25
3754,27
3755,32
3756,30
3757,29
3758,28
3759,28
3760,30
3761,31
3762,27
3763,32
3764,60
3765,25
3766,6
3767,8
3768,7
3769,26
3770,29
3771,33
3786,27
3787,24
3789,20
3790,18
3791,30
3792,31
3793,33
3794,31
3795,28
3796,60
3797,33
3798,7
3799,8
3800,7
3801,9
3802,23
3803,31
3823,20
3824,33
3825,34
3826,33
3827,28
3828,57
3829,46
3830,8
3831,8
3832,8
3833,5
3834,9
3835,19
3857,31
3858,33
3859,32
3860,32
3861,60
3862,10
3863,6
3864,8
3865,7
3866,5
3867,13
3890,31
3891,35
3892,29
3893,57
3894,32
3895,8
3896,8
3897,8
3898,6
3899,8
3923,25
3924,30
3925,37
3926,60
3927,11
3928,8
3929,7
3930,7
3931,7
3951,3
3956,25
3957,32
3958,53
3959,40
3960,11
3961,8
3962,8
3963,7
3981,8
3982,10
3983,12
3984,13
3985,12
3986,24
3987,28
3988,40
3989,41
3990,41
3991,55
3992,30
3993,13
3994,8
3995,8
4012,8
4013,29
4017,2
4018,24
4019,31
4020,38
4021,37
4022,37
4023,46
4024,51
4025,27
4026,14
4027,10
4043,12
4044,30
4045,29
4046,25
4047,25
4048,27
4049,20
4050,35
4051,38
4052,39
4053,40
4054,39
4055,41
4056,42
4057,47
4058,22
4059,15
4074,8
4075,30
4076,29
4077,29
4078,26
4079,30
4080,35
4081,39
4082,40
4083,39
4084,38
4085,33
4086,38
4087,37
4088,32
4089,35
4090,25
4091,21
4092,25
4093,16
4094,14
4095,10
4096,8
4097,7
4098,8
4099,9
4100,16
4101,23
4102,30
4103,30
4104,30
4105,29
4106,28
4107,28
4108,31
4109,30
4110,30
4111,28
4112,29
4113,28
4114,27
4115,27
4116,27
4117,27
4118,28
4119,27
4120,25
4121,24
4122,19
4123,16
4124,24
4125,21
4126,15
4127,15
4128,13
4129,9
4130,7
4131,9
4132,12
4133,22
4134,31
4135,37
4136,35
4137,29
4138,30
4139,27
4140,29
4141,28
4142,28
4143,28
4144,26
4145,26
4146,25
4147,25
4148,25
4149,25
4150,26
4151,25
4152,25
4153,22
4154,22
4155,21
4156,15
4157,20
4158,18
4159,16
4160,17
4161,13
4162,9
4163,9
4164,10
4165,19
4166,28
4167,37
4168,37
4169,36
4170,32
4171,29
4172,27
4173,26
4174,26
4175,26
4176,25
4177,24
4178,24
4179,24
4180,25
4181,25
4182,25
4183,25
4184,27
4185,23
4186,23
4187,22
4188,17
4189,17
4190,20
4191,14
4192,16
4193,16
4194,10
4195,11
4196,10
4197,16
4198,28
4199,34
4200,36
4201,35
4202,31
4203,29
4204,26
4205,24
4206,23
4207,22
4208,24
4209,23
4210,24
4211,23
4212,25
4213,26
4214,26
4215,22
4216,22
4217,25
4218,23
4219,23
4220,17
4221,15
4222,18
4223,16
4224,15
4225,16
4226,14
4227,11
4228,13
4229,15
4230,25
4231,33
4232,35
4233,34
4234,31
4235,29
4236,24
4237,22
4238,22
4239,20
4240,21
4241,19
4242,21
4243,22
4244,20
4245,18
4246,17
4247,18
4248,22
4249,23
4250,25
4251,20
4252,17
4253,15
4254,14
4255,14
4256,15
4257,15
4258,15
4259,14
4260,13
4261,19
4262,26
4263,35
4264,35
4265,33
4266,32
4267,28
4268,22
4269,22
4270,19
4271,19
4272,17
4273,18
4274,18
4275,14
4276,12
4277,8
4278,7
4280,11
4281,19
4282,19
4283,18
4284,20
4285,14
4286,13
4287,12
4288,12
4289,16
4290,14
4291,14
4292,13
4293,20
4294,26
4295,34
4296,35
4297,34
4298,29
4299,26
4300,21
4301,20
4302,18
4303,16
4304,15
4305,14
4306,7
4307,8
4308,7
4309,4
4310,2
4313,9
4314,15
4315,9
4316,23
4317,20
4318,13
4319,11
4320,13
4321,14
4322,16
4323,14
4324,14
4325,19
4326,25
4327,32
4328,34
4329,32
4330,28
4331,25
4332,21
4333,20
4334,19
4335,16
4336,14
4337,13
4338,6
4339,7
4340,6
4342,2
4348,26
4349,25
4350,20
4351,14
4352,13
4353,15
4354,17
4355,17
4356,13
4357,19
4358,27
4359,30
4360,31
4361,28
4362,24
4363,23
4364,21
4365,20
4366,19
4367,17
4368,14
4369,13
4370,7
4371,6
4372,5
4373,4
4374,2
4375,2
4380,27
4381,25
4382,22
4383,17
4384,13
4385,13
4386,15
4387,22
4388,20
4389,16
4390,23
4391,32
4392,30
4393,27
4394,25
4395,24
4396,22
4397,21
4398,20
4399,19
4400,14
4401,12
4402,9
4403,5
4404,5
4405,5
4406,1
4407,2
4412,18
4413,16
4414,22
4415,18
4416,14
4417,13
4418,13
4419,17
4420,24
4421,23
4422,23
4423,29
4424,31
4425,31
4426,25
4427,24
4428,22
4429,22
4430,21
4431,20
4432,13
4433,12
4434,9
4435,8
4436,4
4437,3
4444,5
4445,7
4447,14
4450,13
4451,20
4452,22
4453,24
4454,25
4455,27
4456,32
4457,31
4458,25
4459,24
4460,22
4461,22
4462,22
4463,21
4464,17
4465,11
4466,9
4467,8
4468,4
4469,3
4470,1
4477,5
4478,4
4481,7
4482,6
4483,17
4484,24
4485,22
4486,24
4487,27
4488,31
4489,31
4490,29
4491,24
4492,22
4493,22
4494,22
4495,22
4496,18
4497,12
4498,9
4499,9
4500,6
4501,4
4502,2
4510,5
4511,5
4513,8
4514,12
4515,17
4516,21
4517,27
4518,28
4519,27
4520,29
4521,28
4522,29
4523,25
4524,23
4525,21
4526,22
4527,22
4528,19
4529,13
4530,9
4531,7
4532,6
4533,4
4534,3
4535,1
4536,1
4543,5
4544,5
4545,10
4546,13
4547,14
4548,17
4549,24
4550,32
4551,28
4552,29
4553,31
4554,30
4555,27
4556,23
4557,21
4558,21
4559,21
4560,19
4561,18
4562,10
4563,7
4564,5
4565,3
4566,3
4567,1
4568,1
4574,1
4575,3
4577,10
4578,12
4579,15
4580,3
4582,30
4583,33
4584,30
4585,31
4586,30
4587,31
4588,25
4589,21
4590,21
4591,21
4592,19
4593,17
4594,15
4595,10
4596,5
4610,16
4611,15
4614,31
4615,31
4616,33
4617,32
4618,30
4619,27
4620,24
4621,23
4622,21
4623,20
4624,18
4625,17
4626,13
4627,5
4628,5
4641,15
4642,16
4643,17
4646,28
4647,29
4648,30
4649,31
4650,28
4651,27
4652,24
4653,23
4654,21
4655,19
4656,17
4657,16
4658,8
4659,2
4660,2
4674,16
4675,17
4676,17
4677,18
4678,18
4680,29
4681,30
4682,31
4683,26
4684,25
4685,24
4686,24
4687,20
4688,17
4689,15
4690,11
4691,5
4692,3
4693,2
4704,3
4705,6
4706,17
4707,17
4708,18
4709,20
4710,20
4711,25
4712,24
4713,26
4714,25
4715,23
4716,4
4717,23
4718,23
4719,16
4720,15
4721,14
4722,9
4723,5
4724,2
4733,1
4734,1
4741,19
4742,21
4743,24
4744,25
4745,25
4746,8
4749,21
4750,17
4751,15
4752,14
4753,12
4754,5
4773,21
4774,16
4780,19
4781,19
4782,17
4783,13
4784,14
4785,10
4786,5
4806,11
4812,18
4813,18
4814,15
4815,14
4816,15
4817,8
4837,8
4838,10
4839,12
4840,14
4841,14
4842,14
4843,16
4844,15
4845,15
4846,15
4847,13
4848,5
4869,12
4870,15
4871,14
4872,14
4873,14
4874,15
4875,16
4876,15
4877,14
4878,14
4879,5
4903,14
4904,14
4905,14
4906,13
4907,14
4908,15
4909,13
4910,9
4911,1
4912,1
4913,1
4936,8
4938,13
4939,12
4940,13
4941,4
4943,1
4966,7
4969,11
4970,11
4971,4
4972,1
5002,4
5028,3
5059,2
5062,1
5109,3
5112,38
5113,29
5114,19
5115,42
5116,23
5120,12
5121,12
5122,13
5123,14
5124,14
5144,34
5145,40
5146,24
5147,42
5148,23
5155,17
5156,16
5177,25
5178,36
5179,34
5180,37
5187,14
5188,16
5210,30
5211,36
5212,51
5213,35
5215,21
5216,22
5217,1
5218,7
5219,10
5220,14
5243,18
5244,37
5245,49
5246,44
5247,33
5248,31
5249,28
5250,14
5251,14
5252,15
5253,1
5277,27
5278,48
5279,49
5280,42
5281,30
5284,14
5286,1
5310,31
5311,50
5312,49
5313,40
5316,3
5344,42
5345,51
5346,47
5377,42
5378,47
5379,39
5409,31
5410,55
5411,36
5412,1
5442,53
5443,53
5473,1
5475,54
5476,53
5508,43
5534,3
5535,3
5567,2
5568,3
5604,32
5636,42
5668,50
5700,44
5732,17
5782,1
6052,1
6120,12
6121,13
6122,13
6123,44
6124,43
6125,28
6126,37
6127,49
6128,53
6129,47
6130,44
6131,43
6132,44
6133,43
6134,42
6135,43
6136,44
6137,49
6138,44
6139,35
6140,35
6149,2
6153,16
6154,15
6155,27
6156,27
6157,27
6158,35
6159,45
6160,56
6161,58
6162,53
6163,50
6164,51
6165,51
6166,48
6167,50
6168,50
6169,51
6170,48
6185,17
6186,19
6187,22
6188,25
6189,26
6190,29
6191,38
6192,49
6193,58
6194,56
6195,54
6196,56
6197,56
6198,56
6199,56
6200,60
6201,56
6216,17
6217,18
6218,19
6219,22
6220,23
6221,24
6222,24
6223,28
6224,31
6225,45
6226,51
6227,55
6228,57
6229,53
6230,55
6231,56
6232,57
6233,56
6249,18
6250,18
6251,20
6252,20
6253,20
6254,22
6255,25
6256,28
6257,30
6258,42
6259,50
6260,51
6264,1
6281,18
6282,20
6283,20
6284,20
6285,20
6286,17
6287,21
6288,23
6289,26
6290,28
6291,38
6313,15
6314,20
6315,17
6316,17
6317,18
6318,19
6319,13
6320,17
6321,19
6322,22
6334,1
6346,17
6347,20
6348,12
6349,14
6350,15
6351,11
6352,12
6378,13
6379,19
6380,15
6381,14
6382,13
6410,13
6411,15
6412,18
6413,11
6414,1
6443,14
6444,18
6445,12
6446,11
6475,14
6476,18
6477,16
6478,12
6508,14
6509,19
6510,12
6512,5
6541,15
6542,18
6544,6
6545,6
6574,15
6575,17
6576,12
6577,5
6607,14
7154,25
7155,39
7156,44
7157,43
7158,40
7159,40
7160,41
7161,45
7162,43
7163,40
7164,39
7165,41
7166,43
7167,46
7170,35
7195,39
7196,39
7197,38
7198,40
7230,8
7258,16
7259,18
7260,18
7261,18
7262,7
7263,6
7264,1
7289,17
7290,17
7291,18
7292,18
7293,18
7294,18
7321,17
7322,19
7323,19
7324,20
7325,19
7326,20
7327,20
7328,19
7354,19
7355,18
7356,18
7357,19
7358,19
7359,19
7360,17
7454,1
7487,1
8155,7
8156,26
8157,30
8158,30
8159,27
8160,28
8161,30
8162,24
8163,1
8164,29
8165,33
8166,27
8167,30
8168,35
8169,36
8170,33
8171,27
8172,26
8173,23
8188,30
8189,29
8190,25
8191,26
8192,27
8193,27
8195,3
8196,33
8197,38
8198,32
8199,25
8200,31
8201,29
8202,28
8203,25
8204,22
8205,23
8218,4
8220,35
8221,28
8222,23
8223,16
8224,25
8225,11
8227,26
8228,32
8229,37
8230,35
8231,33
8232,34
8233,31
8234,30
8235,27
8236,23
8237,16
8252,27
8253,22
8254,24
8257,11
8260,27
8261,38
8262,38
8263,38
8264,32
8265,3
8266,29
8267,31
8268,23
8269,19
8284,27
8285,27
8287,24
8288,25
8289,23
8290,11
8293,27
8294,34
8295,32
8296,23
8297,20
8298,29
8299,28
8300,25
8301,21
8317,26
8319,23
8320,23
8321,26
8322,23
8328,1
8330,23
8331,26
8332,27
8333,23
8339,11
8340,18
8341,19
8342,19
8343,18
8349,24
8350,19
8351,23
8352,23
8353,25
8354,28
8355,26
8361,10
8363,24
8364,26
8365,22
8370,18
8371,17
8372,18
8373,18
8374,18
8375,19
8376,18
8381,27
8382,25
8383,1
8384,25
8385,24
8386,26
8387,30
8388,31
8390,7
8395,2
8396,22
8397,24
8402,18
8403,20
8404,18
8405,16
8406,16
8407,17
8408,20
8409,20
8414,19
8415,1
8416,18
8417,25
8418,26
8419,28
8420,32
8421,31
8422,16
8429,24
8434,18
8435,18
8436,16
8437,15
8438,16
8439,17
8440,17
8441,20
8446,23
8447,20
8448,26
8449,28
8450,30
8451,32
8452,24
8453,28
8455,15
8456,16
8457,18
8458,21
8459,18
8461,18
8468,17
8469,15
8470,14
8471,14
8472,14
8473,18
8474,20
8475,23
8478,17
8479,23
8480,28
8481,29
8482,30
8483,31
8484,30
8485,10
8486,24
8488,18
8489,26
8490,22
8491,21
8492,20
8493,17
8500,15
8501,15
8502,12
8503,11
8504,13
8505,14
8506,15
8507,24
8508,24
8509,7
8511,16
8512,18
8513,30
8514,29
8515,30
8516,30
8518,13
8519,23
8520,21
8521,23
8522,20
8523,21
8524,19
8533,15
8534,13
8535,11
8536,13
8537,13
8538,14
8539,16
8540,23
8541,25
8542,24
8543,15
8544,19
8545,3
8546,1
8547,18
8548,30
8549,30
8550,24
8551,23
8552,26
8553,25
8554,23
8566,13
8567,11
8568,11
8569,15
8570,14
8571,15
8572,18
8573,24
8574,24
8576,15
8577,17
8578,2
8579,24
8580,24
8581,17
8582,6
8583,24
8584,24
8585,23
8599,12
8600,11
8601,15
8602,15
8603,14
8604,16
8605,21
8606,24
8607,23
8609,8
8610,8
8611,15
8612,17
8613,17
8614,17
8631,13
8632,14
8633,14
8634,15
8635,16
8636,16
8637,16
8638,23
8639,25
8640,25
8641,18
8642,14
8643,2
8644,16
8645,20
8646,10
8647,1
8663,16
8664,16
8665,15
8666,14
8667,15
8668,15
8669,14
8670,18
8671,24
8672,26
8673,24
8675,13
8676,21
8677,20
8678,19
8694,14
8695,18
8696,18
8697,17
8698,16
8699,14
8700,15
8701,14
8702,18
8703,21
8704,24
8705,24
8707,11
8708,12
8709,20
8710,20
8711,1
8714,1
8727,19
8728,19
8729,19
8730,19
8731,16
8732,16
8733,15
8734,18
8735,22
8736,22
8737,23
8738,22
8740,11
8741,26
8742,25
8743,9
8758,21
8759,22
8760,21
8761,21
8762,21
8763,18
8764,17
8765,17
8766,18
8767,22
8768,23
8770,20
8772,23
8773,22
8774,27
8775,23
8789,13
8790,13
8791,23
8792,23
8793,22
8794,21
8795,20
8796,18
8797,18
8798,19
8799,20
8800,23
8801,21
8804,25
8805,25
8806,25
8807,24
8821,14
8822,14
8823,24
8824,24
8825,22
8826,23
8827,20
8828,19
8829,21
8830,19
8831,19
8832,21
8833,22
8834,25
8835,25
8836,36
8837,27
8838,25
8839,27
8854,14
8855,13
8856,24
8857,24
8858,23
8859,22
8860,22
8861,22
8862,20
8863,20
8864,24
8865,27
8866,26
8867,26
8868,25
8869,30
8870,29
8871,29
8872,23
8888,24
8889,26
8890,27
8891,24
8892,24
8893,23
8894,22
8895,26
8896,25
8897,27
8898,27
8899,25
8901,5
8902,25
8903,29
8904,26
8905,2
8912,1
8922,26
8923,27
8924,27
8925,27
8926,27
8927,26
8928,26
8929,24
8930,4
8934,30
8935,31
8936,29
8937,9
8956,26
8957,26
8958,27
8959,26
8960,25
8962,3
8963,3
8966,30
8967,30
8968,33
8969,6
8970,9
8995,2
8998,26
8999,25
9000,14
9001,14
9002,8
9011,1
9020,3
9027,2
9030,9
9031,6
9032,3
9033,14
9034,15
9045,4
9046,2
9058,2
9063,6
9064,3
9066,18
9067,8
9075,4
9076,4
9089,2
9095,12
9096,12
9097,1
9106,4
9107,4
9123,6
9124,11
9125,12
9126,10
9127,2
9137,4
9138,4
9144,2
9148,8
9149,8
9154,13
9155,15
9157,2
9186,4
9187,4
9216,5
9217,6
9248,7
9308,9
9337,8
9338,3
9368,3
9369,3
9397,4
9398,3
9427,4
9428,4
9429,1
9456,4
9457,4
9484,8
9485,4
9486,4
9514,8
9515,5
9516,4
9550,1
9579,4
9580,3
9597,1
9598,1
9609,4
9610,4
9611,1
9629,1
9642,1
9659,2
9660,2
9670,2
9672,1
9690,2
9695,2
9702,2
9703,1
9704,1
9705,1
9726,2
9732,2
9733,2
9736,1
9756,3
9757,2
9759,1
9764,1
9765,1
9786,3
9787,3
9796,1
9817,3
9818,3
9908,2
9939,2
9955,1
9987,1
10020,1
10053,1
