DataSet,POLYFID
1,6185
2,2200
3,2200
4,2200
5,2200
6,520
7,825
8,858
9,844
10,844
11,520
12,887
13,752
14,752
15,650
16,846
17,650
18,814
19,6185
20,745
21,778
22,712
23,680
24,6185
25,6185
26,6258
27,6258
28,2232
29,2232
30,2232
31,2232
32,2232
33,2232
34,2232
35,877
36,6319
37,6319
38,885
39,6285
40,6285
41,723
42,6249
43,6249
44,6249
45,6249
46,825
47,6285
48,2195
49,1403
50,2099
51,3021
52,8889
53,8889
54,4104
55,4104
56,650
57,2191
58,6379
59,2132
60,812
61,3723
62,785
63,650
64,680
65,8889
66,8857
67,8857
68,8857
69,8857
70,618
71,551
72,1144
73,6249
74,6249
75,6446
76,6445
77,6446
78,6282
79,619
80,619
81,4251
82,4219
83,4249
84,4184
85,2132
86,1113
87,1113
88,1113
89,1113
90,813
91,4357
92,1868
93,4121
94,4186
95,4249
96,6282
97,3149
98,3082
99,722
100,409
101,6284
102,2099
103,8794
104,744
105,3051
106,3049
107,2983
108,3151
109,553
110,2902
111,3021
112,1767
113,3119
114,2097
115,2130
116,2097
117,2134
118,2195
119,4160
120,4160
121,3090
122,3090
123,3051
124,3051
125,718
126,652
127,3342
128,716
129,716
130,750
131,1503
132,4133
133,3674
134,3673
135,3090
136,8727
137,8791
138,8798
139,8924
140,3090
141,3090
142,3090
143,3090
144,3090
145,3090
146,3090
147,3090
148,3090
149,3090
150,3090
151,3090
152,8371
153,616
154,680
155,718
156,718
157,718
158,718
159,2459
160,553
161,716
162,716
163,716
164,716
165,716
166,4281
167,4281
168,553
169,716
170,716
171,716
172,6285
173,6285
174,615
175,5213
176,716
177,716
178,2097
179,751
180,2167
181,647
182,647
183,746
184,746
185,652
186,8461
187,3091
188,716
189,716
190,652
191,652
192,652
193,721
194,683
195,848
196,655
197,848
198,789
199,687
200,618
201,618
202,712
203,649
204,555
205,6153
206,716
207,3093
208,6285
209,1245
210,651
211,651
212,858
213,4282
214,4281
215,552
216,4326
217,3090
218,4217
219,3186
220,3186
221,3756
222,3756
223,3504
224,3127
225,332
226,2233
227,2167
228,4185
229,1113
230,34
231,175
232,4282
233,4282
234,4282
235,4282
236,4282
237,4282
238,4282
239,4282
240,4282
241,4282
242,4282
243,4282
244,4282
245,1178
246,8890
247,8890
249,2167
250,4248
251,650
252,520
253,618
254,553
255,821
256,888
257,888
258,650
259,855
260,855
261,97
262,520
263,389
264,821
265,821
266,821
267,821
268,821
269,821
270,821
271,853
272,812
273,3160
274,648
275,684
276,555
277,620
278,551
279,4261
280,888
281,27
282,217
283,920
284,2132
285,8889
286,812
287,34
288,8857
289,2198
290,780
291,464
292,2825
293,2825
294,8672
295,8672
296,8672
297,8672
298,859
299,859
300,859
301,859
302,859
303,859
304,859
305,859
306,859
307,2918
308,650
309,650
310,1007
311,1007
312,1007
313,1007
314,1007
315,1672
316,8890
317,8890
318,6217
319,6153
320,6476
321,6476
322,6476
323,6508
324,1029
325,858
326,788
327,788
328,8791
329,8791
330,8791
331,8791
332,8791
333,8791
334,8791
335,888
336,888
337,939
338,1014
339,1048
340,553
341,812
342,520
343,1113
344,2167
345,1051
346,4217
347,4217
348,2264
349,1338
350,2099
351,1145
352,712
353,4185
354,4282
355,4282
356,2295
357,2295
358,3129
359,6258
360,6199
361,5700
362,5700
363,1532
364,1596
365,2035
366,6166
367,1473
368,6197
369,6164
370,6164
371,6164
372,6197
373,6164
374,923
375,923
376,4185
377,1113
378,4101
379,3409
380,1113
381,1026
382,1026
383,1048
384,1
385,3150
386,3117
387,3090
388,3090
389,3436
390,2521
391,3312
392,3218
393,1113
394,3088
395,551
396,217
397,217
398,249
399,1019
400,5156
401,5028
402,3124
403,3119
404,3119
405,3119
406,3119
407,3186
408,8890
409,3150
410,3088
411,3088
412,3184
413,3116
414,3116
415,3150
416,3246
417,3117
418,3183
419,3307
420,3117
421,3152
422,2129
423,2129
424,2129
425,3065
426,7260
427,3153
428,812
429,756
430,756
431,4217
432,4217
433,6122
434,6122
435,812
436,650
437,4217
438,4218
439,3342
440,3117
441,3282
442,4354
443,4354
444,2099
445,2097
446,2066
447,2066
448,2067
449,1339
450,2067
451,4221
452,2066
453,2199
454,2199
455,2132
456,2132
457,2132
458,2132
459,1147
460,1147
461,1147
462,2170
463,4185
464,4185
465,3161
466,2169
467,2298
468,618
469,4280
470,6284
471,2018
472,2018
473,1985
474,4185
475,4185
476,4185
477,4185
478,647
479,4185
480,1178
481,1210
482,1178
483,293
484,780
485,2235
486,4261
487,4261
488,2295
489,2295
490,6284
491,3094
492,8827
493,8827
494,4185
495,4153
496,4120
497,4413
498,342
499,342
500,342
501,342
502,1145
503,3666
504,3666
505,2292
506,1080
507,1080
508,1080
509,1080
510,1080
511,2233
512,4675
513,1441
514,3095
515,3667
516,3667
517,3667
518,3667
519,3722
520,3722
521,3722
522,2235
523,3094
524,3156
525,2968
526,29
527,3699
528,3699
529,3699
530,3699
531,2932
532,8857
533,8857
534,6542
535,6351
536,6351
537,6282
538,6282
539,8821
540,8821
541,8897
542,8897
543,3052
544,2200
545,2200
546,2235
547,2235
548,2235
549,2235
550,2235
551,2235
552,2235
553,2235
554,555
555,8889
556,8857
557,1145
558,4518
559,3097
560,3097
561,3724
562,2106
563,1338
564,3756
565,3725
566,3723
567,3756
568,1179
569,1179
570,3161
571,3095
572,3095
573,3128
574,2200
575,2200
576,2200
577,2200
578,3192
579,3128
580,3161
581,1211
582,27
583,27
584,1146
585,1146
586,3162
587,3162
588,3162
589,3161
590,3162
591,3162
592,3162
593,3161
594,3194
595,3161
596,3096
597,3096
598,3255
599,3255
600,3255
601,3255
602,3161
603,2200
604,1178
605,1146
606,3161
607,3161
608,6249
609,6249
610,2167
611,1445
612,1445
613,9011
614,3194
615,3194
616,4143
617,1441
618,2299
619,590
620,8794
621,8794
622,8794
623,619
624,6185
625,6185
626,6185
627,6185
628,1532
629,4328
630,523
631,8794
632,4413
633,4413
634,1532
635,1532
636,6445
637,6282
638,2951
639,8857
640,8857
641,130
642,3099
643,557
644,3096
645,9138
646,8924
647,8890
648,8857
649,8857
650,8794
651,8891
652,8795
653,8857
654,8857
655,8857
656,8857
657,8957
658,8889
659,1210
660,2920
661,2983
662,3017
663,8889
664,8889
665,4248
666,4248
667,3017
668,3373
669,4248
670,4248
671,131
672,131
673,131
674,2362
675,2362
676,4153
677,3128
678,29
679,29
680,29
681,29
682,29
683,29
684,8925
685,8925
686,8824
687,8924
688,8794
689,8794
690,4186
691,8794
692,2200
693,8699
694,8699
695,6125
696,3052
697,1146
698,1146
699,8794
700,716
701,2902
702,2169
703,1050
704,59
705,59
706,3224
707,6314
708,6315
709,6315
710,6282
711,6315
712,8791
713,8791
714,8791
715,8791
716,8791
717,8791
718,8791
719,6217
720,6250
721,3182
722,888
723,888
724,888
725,888
726,2231
727,2231
728,2231
729,2232
730,2232
731,2232
732,4247
733,4248
734,851
735,713
736,713
737,1210
738,1211
739,1179
740,1179
741,1178
742,1146
743,1113
744,1144
745,8794
746,8729
747,8730
748,8730
749,8795
750,8698
751,8665
752,8666
753,8666
754,8698
755,8698
756,491
757,491
758,491
759,2200
760,2200
761,2200
762,2200
763,2200
764,2200
765,680
766,680
767,680
768,680
769,680
770,680
771,680
772,680
773,680
774,680
775,680
776,2131
777,2131
778,2131
779,2131
780,2131
781,2130
782,2131
783,2130
784,2131
785,2130
786,2130
787,2131
788,585
789,9076
790,4283
791,4283
792,4283
793,4283
794,851
795,851
813,987
814,1021
815,4153
816,1403
817,1403
818,3090
819,3090
820,3090
821,3090
822,3090
823,3090
824,3090
825,3090
826,3090
827,940
828,910
829,3574
830,3574
831,3574
832,3574
833,3574
834,716
835,716
836,8636
837,8636
838,8636
839,8636
840,8636
841,8636
842,8636
843,8636
844,8636
845,8636
846,8636
847,8636
848,8636
849,8636
850,8636
851,8636
852,8636
853,8636
854,8636
855,8636
856,8636
857,8636
858,8636
859,8636
860,8636
861,8636
862,8636
863,8636
864,6320
865,6352
866,647
867,778
868,778
869,778
870,778
871,778
872,778
873,778
874,778
875,778
876,778
877,778
878,778
879,778
880,778
881,778
882,778
883,778
884,778
885,778
886,778
887,778
888,778
889,778
890,778
891,778
892,778
893,778
894,778
895,778
896,778
897,778
898,778
899,778
900,778
901,778
902,778
903,778
904,778
905,778
906,778
907,778
908,778
909,2103
910,883
911,883
912,883
913,883
914,883
915,883
916,879
917,879
918,1639
919,2226
920,2226
921,886
922,687
923,687
924,2362
925,2362
926,2362
927,2362
928,2362
929,2362
930,2029
931,680
932,680
933,859
934,859
935,811
936,617
937,617
938,648
939,585
940,585
941,585
942,197
943,197
944,854
945,854
946,854
947,854
948,854
949,853
950,553
951,553
952,2200
953,2200
954,2200
955,2199
956,2199
957,2199
958,1030
959,6185
960,6185
961,6185
962,6185
963,790
964,1986
965,98
966,615
967,615
968,650
969,856
970,647
971,857
972,619
973,619
974,745
975,745
976,745
977,785
978,785
979,785
980,785
981,785
982,785
983,752
984,5535
985,5535
986,5535
987,5535
988,5567
989,5568
990,5535
991,5568
992,5535
993,1470
994,2857
995,2100
996,722
997,888
998,785
999,820
1000,821
1001,821
1002,821
1003,821
1004,821
1005,821
1006,821
1007,821
1008,821
1009,821
1010,821
1011,821
1012,821
1013,821
1014,821
1015,821
1016,821
1017,821
1018,821
1019,821
1020,788
1021,821
1022,821
1023,821
1024,680
1025,1144
1026,1144
1027,1144
1028,1144
1029,1144
1030,6314
1031,6314
1032,6314
1033,6249
1034,647
1035,713
1036,713
1037,851
1038,851
1039,586
1040,585
1041,585
1042,585
1043,585
1044,585
1045,585
1046,585
1047,585
1048,585
1049,684
1050,616
1051,2201
1052,2201
1053,2201
1054,2201
1055,551
1056,551
1057,551
1058,551
1059,551
1060,551
1061,551
1062,551
1063,551
1064,551
1065,551
1066,551
1067,688
1068,688
1069,688
1070,651
1071,651
1072,651
1073,1211
1074,1179
1075,1211
1076,1145
1077,1211
1078,1211
1079,1179
1080,1210
1081,1179
1082,1179
1083,1179
1084,1178
1085,1179
1086,1179
1087,6281
1088,6281
1089,3128
1090,3128
1091,3128
1092,3128
1093,3128
1094,3128
1095,3128
1096,3128
1097,2167
1098,2167
1099,980
1100,980
1101,980
1102,980
1103,980
1104,980
1105,980
1106,980
1107,980
1108,980
1109,980
1110,980
1111,980
1112,2217
1113,2217
1114,2217
1115,2217
1116,2217
1117,2217
1118,2217
1119,1787
1120,882
1121,882
1122,882
1123,882
1124,882
1125,882
1126,882
1127,553
1128,553
1129,794
1130,660
1131,857
1132,826
1133,160
1134,160
1135,4153
1136,4121
1137,520
1138,520
1139,823
1140,823
1141,823
1142,823
1143,823
1144,823
1145,3094
1146,3094
1147,3094
1148,3059
1149,3059
1150,3059
1151,3059
1152,3059
1153,3059
1154,3059
1155,3059
1156,3059
1157,3059
1158,3059
1159,3059
1160,3059
1161,3059
1162,3059
1163,2074
1164,657
1165,891
1166,851
1167,851
1168,851
1169,2065
1170,750
1171,1026
1172,827
1173,521
1174,882
1175,785
1176,785
1177,785
1178,785
1179,325
1180,615
1181,983
1182,6185
1183,6185
1184,6185
1185,6185
1186,6185
1187,6185
1188,6185
1189,6185
1190,6185
1191,6185
1192,1888
1193,1889
1194,1953
1195,889
1196,889
1197,889
1198,889
1199,3727
1200,6153
1201,6185
1202,6185
1203,6185
1204,1889
1205,915
1206,915
1207,647
1208,3131
1209,1
1210,1
1211,3099
1212,3099
1213,3131
1214,4123
1215,3099
1216,4123
1217,3099
1218,3099
1219,3099
1220,3099
1221,3099
1222,3099
1223,3099
1224,3099
1225,3099
1226,3099
1227,4734
1228,814
1229,814
1230,854
1231,854
1232,854
1233,854
1234,887
1235,854
1236,923
1237,951
1238,553
1239,553
1240,553
1241,585
1242,585
1243,4185
1244,4185
1245,4185
1246,4185
1247,4185
1248,4185
1249,4185
1250,4185
1251,2075
1252,1
1253,1
1254,4187
1255,4250
1256,4251
1257,4251
1258,785
1259,785
1260,718
1261,718
1262,746
1263,746
1264,746
1265,2130
1266,780
1267,2232
1268,2232
1269,2232
1270,2232
1271,2231
1272,1506
1273,6132
1274,6132
1275,6132
1276,6132
1277,650
1278,650
1279,650
1280,650
1281,587
1282,587
1283,1014
1284,1014
1285,750
1286,750
1287,750
1288,750
1289,750
1290,750
1291,750
1292,750
1293,750
1294,750
1295,751
1296,751
1297,751
1298,751
1299,751
1300,751
1301,751
1302,751
1303,751
1304,751
1305,751
1306,751
1307,751
1308,751
1309,751
1310,751
1311,751
1312,751
1313,751
1314,751
1315,751
1316,751
1317,751
1318,751
1319,751
1320,751
1321,751
1322,716
1323,781
1324,6314
1325,6314
1326,6281
1327,6314
1328,6314
1329,6314
1330,6314
1331,584
1332,551
1333,551
1334,551
1335,584
1336,584
1337,584
1338,618
1339,8898
1340,8898
1341,8898
1342,8898
1343,8898
1344,5156
1345,652
1346,652
1347,652
1348,822
1349,857
1350,4152
1351,4217
1352,4186
1353,4186
1354,4217
1355,4217
1356,4217
1357,4184
1358,3091
1359,3091
1360,3091
1361,3091
1362,3091
1363,3091
1364,5123
1365,3091
1366,6249
1367,6217
1368,9248
1369,9248
1370,681
1371,681
1372,3152
1373,3152
1374,3671
1375,3671
1376,3671
1377,3638
1378,3638
1379,3671
1380,3671
1381,3638
1382,3638
1383,3638
1384,3638
1385,3638
1386,3671
1387,3671
1388,325
1389,325
1390,325
1391,751
1392,751
1393,751
1394,751
1395,1752
1396,2105
1397,2105
1398,821
1399,821
1400,65
1401,65
1402,1011
1403,27
1404,27
1405,27
1406,27
1407,879
1408,917
1409,519
1410,1146
1411,1146
1412,1146
1413,1146
1414,2200
1415,816
1416,2199
1417,2199
1418,2199
1419,2199
1420,1019
1421,1019
1422,1019
1423,1019
1424,652
1425,652
1426,652
1427,652
1428,652
1429,652
1430,652
1431,1030
1432,1011
1433,1011
1434,1011
1435,2266
1436,2266
1437,2267
1438,2267
1439,851
1440,1146
1441,1080
1442,1080
1443,1014
1444,6281
1445,750
1446,680
1447,551
1448,551
1449,551
1450,551
1451,616
1452,551
1453,2063
1454,2063
1455,2063
1456,2063
1457,2063
1458,2063
1459,920
1460,1931
1461,1931
1462,1371
1463,6249
1464,6249
1465,7325
1466,6254
1467,6254
1468,6254
1469,6254
1470,3128
1471,955
1472,955
1473,955
1474,955
1475,955
1476,955
1477,955
1478,955
1479,923
1480,923
1481,955
1482,955
1483,955
1484,955
1485,3097
1486,3097
1487,3097
1488,3097
1489,3097
1490,3097
1491,3097
1492,3097
1493,3097
1494,3097
1495,3097
1496,3097
1497,3097
1498,3097
1499,3097
1500,3097
1501,3097
1502,3097
1503,3097
1504,3097
1505,3097
1506,3097
1507,3097
1508,3097
1509,3097
1510,3097
1511,3097
1512,3097
1513,3097
1514,750
1515,6315
1516,6315
1517,6315
1518,6315
1519,4078
1520,8161
1521,8192
1522,4251
1523,4251
1524,848
1525,6185
1526,6185
1527,6185
1528,556
1529,556
1530,556
1531,556
1532,556
1533,556
1534,648
1535,821
1536,652
1537,653
1538,712
1539,712
1540,712
1541,712
1542,712
1543,712
1544,712
1545,712
1546,712
1547,712
1548,4192
1549,4192
1550,4160
1551,4130
1557,1211
1558,1211
1559,1211
1560,1211
1561,1146
1562,1146
1563,1146
1564,1146
1565,1146
1566,1146
1567,1146
1568,1146
1569,1146
1570,1146
1571,6185
1572,716
1573,716
1574,716
1575,716
1576,716
1577,824
1578,824
1579,557
1580,1178
1581,2195
1582,2195
1583,2195
1584,2195
1585,2195
1586,2195
1587,34
1588,34
1589,881
1590,845
1591,882
1592,821
1593,652
1594,652
1595,684
1596,2107
1597,2107
1598,5155
1599,680
1600,680
1601,680
1602,680
1603,680
1604,680
1605,648
1606,648
1607,683
1608,795
1609,762
1610,6314
1611,6314
1612,6314
1613,6314
1614,6314
1615,6314
1616,6314
1617,6314
1618,5156
1619,5145
1620,8796
1621,618
1622,618
1623,856
1624,856
1625,2067
1626,2067
1627,2067
1628,2067
1629,2067
1630,820
1631,820
1632,820
1633,820
1634,820
1635,748
1636,823
1637,812
1639,4123
1640,2073
1641,823
1642,823
1643,823
1644,823
1645,857
1646,687
1647,763
1648,1145
1649,1145
1650,1145
1651,1145
1652,1145
1653,1145
1654,1145
1655,1145
1656,1145
1657,1145
1658,1145
1659,1145
1660,1145
1661,1145
1662,1145
1663,6185
1664,6185
1665,2169
1666,2264
1667,2264
1668,2264
1669,2264
1670,2264
1671,2264
1672,2264
1673,2264
1674,2264
1675,2264
1676,2264
1677,2264
1678,2264
1679,2264
1680,2264
1681,751
1682,2137
1683,2137
1684,825
1685,2169
1686,2169
1687,3095
1688,3095
1689,3095
1690,3095
1691,3095
1692,3095
1693,3095
1694,648
1695,648
1696,648
1697,681
1698,648
1699,680
1700,680
1701,520
1702,1920
1703,1920
1704,1920
1705,1920
1706,1019
1707,824
1708,825
1709,825
1710,825
1711,824
1712,825
1713,825
1714,825
1715,825
1716,824
1717,825
1718,825
1719,657
1720,657
1721,657
1722,657
1723,1019
1724,6284
1725,6284
1726,6284
1727,6284
1728,6153
1729,2234
1730,3117
1731,3117
1732,885
1733,4160
1734,4160
1735,947
1736,851
1737,851
1738,851
1739,851
1740,851
1741,878
1742,784
1743,681
1744,652
1745,652
1746,652
1747,652
1748,652
1749,652
1750,652
1751,750
1752,520
1753,520
1754,716
1755,716
1756,716
1757,716
1758,716
1759,716
1760,716
1761,716
1762,615
1763,5213
1764,2097
1765,647
1766,746
1767,746
1768,8461
1769,8461
1770,683
1771,655
1772,655
1773,687
1774,618
1775,618
1776,618
1777,618
1778,649
1779,649
1780,649
1781,649
1782,649
1783,555
1784,6153
1785,6285
1786,6285
1787,6285
1788,651
1789,4282
1790,4282
1791,4282
1792,4281
1793,3090
1794,3090
1795,3090
1796,3090
1797,3127
1798,2233
1799,2233
1800,2167
1801,2167
1802,2167
1803,1113
1804,1113
1805,1113
1806,34
1807,175
1808,2167
1809,2167
1810,2167
1811,2167
1812,2167
1813,2167
1814,650
1815,520
1816,821
1817,888
1818,888
1819,888
1820,650
1821,650
1822,650
1823,650
1824,97
1825,97
1826,555
1827,620
1828,620
1829,888
1830,888
1831,888
1832,888
1833,888
1834,888
1835,888
1836,888
1837,888
1838,888
1839,888
1840,888
1841,888
1842,217
1843,217
1844,217
1845,217
1846,217
1847,217
1848,217
1849,812
1850,812
1851,464
1852,2918
1853,2918
1854,858
1855,858
1856,858
1857,858
1858,788
1859,788
1860,8791
1861,8791
1862,8791
1863,8791
1864,8791
1865,8791
1866,553
1867,1051
1868,4217
1869,4217
1870,2099
1871,4185
1872,4185
1873,4185
1874,4185
1875,4185
1876,4185
1877,4185
1878,1026
1879,1026
1880,1026
1881,1026
1882,1026
1883,1026
1884,1026
1885,1026
1886,1026
1887,1048
1888,1048
1889,1
1890,249
1891,3119
1892,812
1893,812
1894,650
1895,650
1896,650
1897,4217
1898,4218
1899,3342
1900,3342
1901,4354
1902,4354
1903,4354
1904,4354
1905,4354
1906,4354
1907,4354
1908,4354
1909,4354
1910,4354
1911,2099
1912,2099
1913,2099
1914,2066
1915,2066
1916,2067
1917,2067
1918,2067
1919,293
1920,780
1921,2235
1922,4120
1923,4120
1924,4120
1925,4120
1926,3666
1927,3666
1928,3666
1929,3666
1930,3666
1931,3666
1932,3722
1933,3722
1934,3722
1935,3722
1936,3722
1937,3722
1938,3722
1939,3722
1940,3722
1941,8821
1942,8821
1943,3095
1944,3095
1945,3095
1946,1211
1947,1211
1948,1211
1949,1211
1950,1211
1951,4143
1952,4143
1953,4413
1954,4413
1955,4413
1956,4413
1957,8890
1958,4248
1959,4248
1960,4248
1961,4248
1962,4248
1963,4248
1964,3224
1965,3224
1966,4247
1967,4248
1968,680
1969,680
1970,680
1971,680
1972,680
1973,680
1974,680
1975,680
1976,680
1977,680
1978,680
1979,1506
1980,1406
1981,5188
1982,5188
1983,409
1984,409
1985,409
1986,409
1987,409
1988,888
1989,888
1990,1503
1991,1503
1992,2195
1993,2195
1994,2195
1995,2195
1996,2099
1997,2099
1998,2099
1999,785
2000,785
2001,680
2002,945
2003,911
2004,879
2005,847
2006,3151
2007,3119
2008,3119
2009,3119
2010,3119
2011,3756
2012,3756
2013,3756
2014,3756
2015,3756
2016,3756
2017,3756
2018,3756
2019,3090
2020,519
2021,553
2022,3017
2023,3017
2024,3095
2025,5156
2026,1011
2027,1011
2028,1011
2029,1011
2030,1011
2031,6352
2032,5212
2033,942
2034,942
2035,5113
2036,2198
2037,2198
2038,2231
2039,2231
2040,2950
2041,2887
2042,3022
2043,3022
2044,7322
2045,780
2046,813
2047,6315
2048,6315
2049,6315
2050,6315
2051,551
2052,6352
2053,923
2054,923
2055,2231
2056,2231
2057,3707
2058,3707
2059,3707
2060,6217
2061,6149
2062,6149
2063,5248
2064,6153
2065,923
2066,647
2067,6186
2068,6186
2069,3091
2070,3091
2071,3091
2072,3125
2073,3125
2074,2363
2075,2363
2076,3094
2077,3094
2078,3094
2079,3095
2080,2235
2081,2235
2082,3095
2083,2235
2084,2235
2085,2235
2086,2235
2087,2235
2088,2235
2089,2235
2090,2235
2091,2235
2092,2235
2093,2235
2094,2235
2095,2235
2096,2296
2097,2361
2098,2394
2099,2426
2100,2426
2101,2426
2102,2426
2103,2426
2104,3183
2105,3183
2106,3183
2107,3183
2108,3183
2109,3151
2110,3151
2111,3184
2112,3150
2113,3150
2114,3150
2115,3150
2116,3150
2117,3150
2118,3117
2119,2555
2120,2555
2121,3084
2122,3084
2123,2235
2124,2235
2125,2235
2126,2235
2127,2235
2128,2235
2129,2235
2130,3094
2131,3094
2132,3094
2133,3094
2134,3094
2135,3094
2136,3094
2137,3094
2138,2235
2139,2235
2140,2235
2141,2235
2142,2235
2143,4361
2144,4361
2145,4361
2146,4361
2147,4361
2148,3150
2149,3149
2150,3116
2151,3149
2152,3149
2153,3149
2154,3149
2155,3149
2156,3149
2157,3149
2158,3149
2159,3149
2160,3149
2161,3149
2162,3149
2163,3149
2164,3149
2165,3150
2166,3150
2167,3150
2168,3150
2169,3149
2170,3149
2171,3149
2172,3149
2173,3149
2174,3149
2175,3149
2176,3116
2177,3149
2178,3149
2179,3149
2180,3149
2181,3149
2182,4150
2183,3182
2184,3149
2185,3149
2186,3149
2187,3149
2188,3149
2189,3149
2190,3149
2191,3149
2192,3149
2193,3149
2194,3149
2195,3149
2196,3149
2197,3149
2198,3149
2199,3149
2200,3150
2201,3150
2202,3149
2203,3150
2204,3150
2205,3149
2206,3149
2207,3149
2208,3149
2209,3149
2210,3150
2211,3149
2212,3149
2213,3149
2214,3149
2215,3149
2216,3149
2217,3150
2218,3150
2219,3150
2220,3150
2221,3150
2222,3150
2223,3150
2224,3150
2225,3150
2226,3150
2227,3150
2228,3150
2229,3150
2230,3150
2231,3150
2232,3116
2233,3116
2234,3116
2235,3149
2236,3149
2237,3116
2238,3149
2239,3116
2240,3149
2241,3635
2242,3275
2243,3443
2244,3443
2245,3443
2246,3443
2247,4231
2248,4244
2249,3401
2250,2235
2251,3094
2252,3094
2253,3094
2254,3094
2255,8453
2256,1009
2257,652
2258,5113
2259,878
2260,5123
2261,1920
2262,1920
2263,1802
2264,875
2265,1572
2266,3094
2267,3094
2268,3094
2269,3094
2270,3094
2271,3094
2272,3094
2273,3094
2274,3094
2275,3094
2276,3094
2277,3094
2278,3094
2279,3094
2280,3094
2281,3094
2282,4642
2283,4752
2284,2231
2285,2231
2286,2231
2287,2062
2288,2062
2289,2096
2290,1146
2291,649
2292,880
2293,3094
2294,3094
2295,3094
2296,3094
2297,3094
2298,3094
2299,3094
2300,3094
2301,3094
2302,3094
2303,3094
2304,3094
2305,2061
2306,824
2307,824
2308,824
2309,824
2310,824
2311,824
2312,824
2313,824
2314,520
2315,520
2316,520
2317,520
2318,520
2319,7327
2320,7327
2321,7327
2322,3090
2323,3090
2324,3090
2325,2200
2326,3150
2327,3150
2328,3150
2329,6254
2330,6254
2331,6253
2332,6253
2333,6320
2334,6320
2335,6319
2336,6319
2337,488
2338,488
2339,6282
2340,6282
2341,6320
2342,4575
2343,4575
2344,647
2345,4515
2346,4515
2347,4515
2348,4515
2349,6285
2350,6285
2351,1673
2352,2232
2353,2232
2354,3150
2355,3150
2356,816
2357,6320
2358,1502
2359,648
2360,3117
2361,3117
2362,3090
2363,3090
2364,3122
2365,3090
2366,880
2367,3668
2368,3668
2369,3668
2370,3668
2371,3668
2372,3668
2373,3668
2374,3668
2375,3668
2376,3668
2377,3668
2378,3668
2379,8856
2380,8856
2381,3094
2382,3094
2383,3094
2384,3094
2385,3094
2386,3094
2387,3094
2388,3094
2389,3094
2390,3094
2391,745
2392,745
2393,745
2394,745
2395,6185
2396,6185
2397,6185
2398,6185
2399,3094
2400,3094
2401,3094
2402,3094
2403,3094
2404,3094
2405,3094
2406,3094
2407,3094
2408,3094
2409,3094
2410,3094
2411,3090
2412,3090
2413,2363
2414,2363
2415,2394
2416,2394
2417,2426
2418,3094
2419,3094
2420,3094
2421,3094
2422,3094
2423,3094
2424,3094
2425,3094
2426,3094
2427,3094
2428,3090
2429,2363
2430,2363
2431,2459
2432,2427
2433,2363
2434,3090
2435,2131
2436,3090
2437,3090
2438,3090
2439,3090
2440,3090
2441,3090
2442,3090
2443,3090
2444,3090
2445,3090
2446,3090
2447,3090
2448,3090
2449,3094
2450,3094
2451,3094
2452,3094
2453,3094
2454,3094
2455,3326
2456,3326
2457,3326
2458,3326
2459,3326
2460,7359
2461,1470
2462,3091
2463,3091
2464,3090
2465,3090
2466,3090
2467,3091
2468,3094
2469,2235
2470,3094
2471,2235
2472,3094
2473,2235
2474,1562
2475,1562
2476,1562
2477,1562
2478,953
2479,953
2480,953
2481,953
2482,4171
2483,4171
2484,4249
2485,5251
2486,2016
2487,6249
2488,4261
2489,2235
2490,2235
2491,2235
2492,2235
2493,2235
2494,5220
2495,6285
2496,6285
2497,3090
2498,5278
2499,2235
2500,2235
2501,2235
2502,2235
2503,2235
2504,2235
2505,2235
2506,2235
2507,2235
2508,2235
2509,2235
2510,2235
2511,2235
2512,2235
2513,2235
2514,2235
2515,2235
2516,2235
2517,6413
2518,3957
2519,6249
2520,1733
2521,1766
2522,1733
2523,6477
2524,6477
2525,6477
2526,6477
2527,6477
2528,6477
2529,6477
2530,6477
2531,6477
2532,2235
2533,2235
2534,2235
2535,2235
2536,2235
2537,2235
2538,2235
2539,2235
2540,2235
2541,2235
2542,2235
2543,2235
2544,2235
2545,2235
2546,6349
2547,519
2548,552
2549,553
2550,2235
2551,2235
2552,2235
2553,2235
2554,3095
2555,2235
2556,2235
2557,2235
2558,2235
2559,2235
2560,2235
2561,2235
2562,2235
2563,2235
2564,2235
2565,2235
2566,7359
2567,7359
2568,7359
2569,2135
2570,2235
2571,2235
2572,2235
2573,2235
2574,2235
2575,2235
2576,2235
2577,2235
2578,2235
2579,2235
2580,2235
2581,2235
2582,2235
2583,2235
2584,9690
2585,780
2586,780
2587,780
2588,2131
2589,2131
2590,2131
2591,2131
2592,2131
2593,5220
2594,5220
2595,2235
2596,2235
2597,2235
2598,2235
2599,2235
2600,2235
2601,2235
2602,2235
2603,3095
2604,3095
2605,3095
2606,3095
2607,3095
2608,2967
2609,2967
2610,2131
2611,1180
2612,34
2613,34
2614,2057
2615,2057
2616,520
2617,8763
2618,8763
2619,8763
2620,8763
2621,8763
2622,8763
2623,8763
2624,8763
2625,8218
2626,8218
2627,8490
2628,2235
2629,3095
2630,3095
2631,3095
2632,3095
2633,8635
2634,8602
2635,8767
2636,520
2637,520
2638,520
2639,520
2640,520
2641,520
2642,520
2643,520
2644,520
2645,650
2646,650
2647,2267
2648,2267
2649,2267
2650,2267
2651,9397
2652,3123
2653,615
2654,814
2655,3119
2656,3120
2657,8797
2658,846
2659,846
2660,3090
2661,3090
2662,3090
2663,3090
2664,3090
2665,3090
2666,3090
2667,3090
2668,3090
2669,3090
2670,3090
2671,3090
2672,3090
2673,858
2674,858
2675,858
2676,3127
2677,3127
2678,3127
2679,3127
2680,3127
2681,3127
2682,2426
2683,2426
2684,2426
2685,2426
2686,2426
2687,2426
2688,6200
2689,2986
2690,3020
2691,3019
2692,3020
2693,3019
2694,716
2695,716
2696,3731
2697,8765
2698,2066
2699,587
2700,585
2701,585
2702,585
2703,585
2704,6231
2705,2445
2706,2445
2707,2445
2708,2445
2709,2447
2710,2513
2711,3290
2712,3290
2713,6285
2714,6285
2715,1435
2716,979
2717,1179
2718,1179
2719,1179
2720,1178
2721,1178
2722,1178
2723,2033
2724,2033
2725,2033
2726,2033
2727,2033
2728,2033
2729,2033
2730,2200
2731,2200
2732,2200
2733,650
2734,650
2735,650
2736,716
2737,716
2738,716
2739,716
2740,716
2741,923
2742,858
2743,1178
2744,3728
2745,3728
2746,3728
2747,6185
2748,6542
2749,6542
2750,1784
2751,8791
2752,2135
2753,2135
2754,2135
2755,2135
2756,2135
2757,3123
2758,683
2759,683
2760,920
2761,5476
2762,5476
2763,2199
2764,2232
2765,2232
2766,2232
2767,8765
2768,8765
2769,8764
2770,6164
2771,650
2772,650
2773,5220
2774,5155
2775,6185
2776,1953
2777,3634
2778,3634
2779,3634
2780,3634
2781,3634
2782,3634
2783,3634
2784,3634
2785,2139
2786,2139
2787,2139
2789,2066
2790,777
2791,777
2792,1752
2793,488
2794,488
2795,488
2796,6285
2797,6285
2798,6285
2799,744
2800,2988
2801,2988
2802,2988
2803,163
2804,3661
2805,3661
2806,3692
2807,6159
2808,6191
2809,6191
2810,6191
2811,6191
2812,6191
2813,6192
2814,6191
2815,6192
2816,6192
2817,6192
2818,6192
2819,6191
2820,6192
2821,8890
2822,2329
2823,2329
2824,2329
2825,2329
2826,2330
2827,2329
2828,2329
2829,3093
2830,3093
2831,1113
2832,1113
2833,5280
2834,6185
2835,4277
2836,4277
2837,4277
2838,4277
2839,4277
2840,4277
2841,4277
2842,4277
2843,4277
2844,4277
2845,4277
2846,4277
2847,1920
2848,1920
2849,1920
2850,8159
2851,2267
2852,1470
2853,1502
2854,1469
2855,1502
2856,1502
2857,1564
2858,1596
2859,1532
2860,1532
2861,1532
2862,1532
2863,1501
2864,1533
2865,1564
2866,1532
2867,1564
2868,1532
2869,1469
2870,1469
2871,1503
2872,1503
2873,2509
2874,2509
2875,2064
2876,1561
2877,1561
2878,1561
2879,228
2880,228
2881,228
2882,228
2883,6217
2884,1009
2885,1009
2886,1009
2887,3161
2888,3161
2889,3161
2890,3161
2891,887
2892,2170
2893,2130
2894,2130
2895,2130
2896,2130
2897,2065
2898,2065
2899,2065
2900,3156
2901,6185
2902,6185
2903,6186
2904,6186
2905,6186
2906,6186
2907,5155
2908,5155
2909,5280
2910,5280
2911,5280
2912,5280
2913,9787
2914,3195
2915,3195
2916,3195
2917,3195
2918,3195
2919,3195
2920,3195
2921,3195
2922,3195
2923,2200
2924,3149
2925,6229
2926,2363
2927,4515
2928,6120
2929,6120
2930,6120
2931,6120
2932,6120
2933,6120
2934,8903
2935,9144
2936,9144
2937,2986
2938,2986
2939,2986
2940,2986
2941,2986
2942,2986
2943,3095
2944,684
2945,684
2946,684
2947,1210
2948,2266
2949,2266
2950,2195
2951,2195
2952,4217
2953,4217
2954,4217
2955,4217
2956,4217
2957,4217
2958,4217
2959,6282
2960,6282
2961,6282
2962,6315
2963,6315
2964,6315
2965,6315
2966,6315
2967,6315
2968,6349
2969,6382
2970,6314
2971,6314
2972,2235
2973,2235
2974,2235
2975,2235
2976,2235
2977,2235
2978,2235
2979,2235
2980,2235
2981,2235
2982,2235
2983,2235
2984,2235
2985,2267
2986,2267
2987,2267
2988,2267
2989,1888
2990,1888
2991,3127
2992,3127
2993,3127
2994,3127
2995,3127
2996,3127
2997,3127
2998,1339
2999,1339
3000,6249
3001,6249
3002,6249
3003,6166
3004,6166
3005,3128
3006,6259
3007,6259
3008,4192
3009,4192
3010,4192
3011,4192
3012,3117
3013,4582
3014,4582
3015,1146
3016,4412
3017,4412
3018,4412
3019,4412
3020,4412
3021,4412
3022,4412
3023,2918
3024,2919
3025,2105
3026,923
3027,923
3028,7322
3029,7355
3030,520
3031,520
3032,520
3033,1497
3034,1497
3035,3154
3036,6231
3037,6231
3038,3128
3039,3128
3040,3128
3041,3096
3042,3096
3043,3096
3044,3096
3045,879
3046,879
3047,585
3048,585
3049,2362
3050,6121
3051,8791
3052,8791
3053,875
3054,875
3055,978
3056,1312
3057,648
3058,552
3059,553
3060,3020
3061,3020
3062,880
3063,1312
3064,1312
3065,1312
3066,1312
3067,1312
3068,3090
3069,583
3070,583
3071,1026
3072,1026
3073,1026
3074,1026
3075,2201
3076,2201
3077,2265
3078,2130
3079,2130
3080,1370
3081,913
3082,6320
3083,6320
3084,6320
3085,6320
3086,6314
3087,6314
3088,1532
3089,1532
3090,4511
3091,4511
3092,3150
3093,8823
3094,8791
3095,8791
3096,8823
3097,2194
3098,3312
3099,3312
3100,3312
3101,4192
3102,4192
3103,2958
3104,2958
3105,2932
3106,6414
3107,6414
3108,6413
3109,6414
3110,2260
3111,2260
3112,3051
3113,3051
3114,4159
3115,4159
3116,4159
3117,3000
3118,3000
3119,3000
3120,3000
3121,8636
3122,8636
3123,8636
3124,8636
3125,8636
3126,8636
3127,8636
3128,8636
3129,8636
3130,8636
3131,8636
3132,8669
3133,8637
3134,8669
3135,8604
3136,8603
3137,8603
3138,2267
3139,2267
3140,2267
3141,2267
3142,2267
3143,2267
3144,2267
3145,2267
3146,2267
3147,2267
3148,2267
3149,2267
3150,2267
3151,2267
3152,2267
3153,1346
3154,1346
3155,1346
3156,1346
3157,940
3158,3052
3159,3052
3160,3052
3161,3052
3162,3052
3163,3052
3164,3052
3165,3052
3166,8765
3167,3096
3168,3096
3169,3096
3170,7289
3171,6260
3172,6260
3173,6260
3174,6260
3175,3001
3176,3001
3177,3001
3178,3001
3179,7290
3180,7290
3181,5280
3182,2231
3183,3149
3186,2104
3187,2130
3188,2130
3189,2130
3190,3661
3191,3661
3192,6349
3193,8958
3194,6712
3195,6288
3196,6288
3197,6320
3198,6320
3199,6319
3200,6352
3201,6319
3202,6318
3203,6318
3204,3474
3205,650
3206,3095
3207,3095
3208,3095
3209,3095
3210,3095
3211,3095
3212,3095
3213,3095
3214,3095
3215,3095
3216,2235
3217,3095
3218,3094
3219,3094
3220,3094
3221,3094
3222,3094
3223,3095
3224,3095
3225,2235
3226,3095
3227,2235
3228,2235
3229,3095
3230,2235
3231,2235
3232,2235
3233,2235
3234,2235
3235,2235
3236,2235
3237,2235
3238,2235
3239,2235
3240,2235
3241,2235
3242,2235
3243,2235
3244,2235
3245,2235
3246,2235
3247,2235
3248,2235
3249,2235
3250,2235
3251,2235
3252,2235
3253,2235
3254,2235
3255,2235
3256,2235
3257,2235
3258,2235
3259,2235
3260,2235
3261,2235
3262,2235
3263,2235
3264,2235
3265,2235
3266,2235
3267,2235
3268,2235
3269,2235
3270,2235
3271,2235
3272,2235
3273,2235
3274,2235
3275,2235
3276,2235
3277,2235
3278,2235
3279,2235
3280,2235
3281,2235
3282,2235
3283,2235
3284,2235
3285,2235
3286,2235
3287,2235
3288,2235
3289,3094
3290,2235
3291,2235
3292,3094
3293,2235
3294,3094
3295,2235
3296,3095
3297,2235
3298,2235
3299,2235
3300,2235
3301,3094
3302,2235
3303,2235
3304,2235
3305,2235
3306,2235
3307,2235
3308,2235
3309,2235
3310,2235
3311,2235
3312,2235
3313,2235
3314,2235
3315,2235
3316,2235
3317,2235
3318,2235
3319,2235
3320,2235
3321,2235
3322,2235
3323,2235
3324,2235
3325,2235
3326,2235
3327,2235
3328,2235
3329,2235
3330,2235
3331,2235
3332,2202
3333,2202
3334,2203
3335,2203
3336,2235
3337,2235
3338,2202
3339,2202
3340,2233
3341,2233
3342,2296
3343,2298
3344,2363
3345,2135
3346,3093
3347,3093
3348,3093
3349,3093
3350,3093
3351,3093
3352,3349
3353,3125
3354,3156
3355,3188
3356,2134
3357,3284
3358,3252
3359,3150
3360,3150
3361,3150
3362,3150
3363,3151
3364,3151
3365,3184
3366,3184
3367,3605
3368,3154
3369,3119
3370,3344
3371,3345
3372,3410
3373,3311
3374,3247
3375,3342
3376,3374
3377,3638
3378,3671
3379,3893
3380,3117
3381,3117
3382,2133
3383,2100
3384,2065
3385,2065
3386,6197
3387,2362
3388,2362
3389,2235
3390,2235
3391,2235
3392,2235
3393,2235
3394,3095
3395,3094
3396,3094
3397,3094
3398,714
3399,917
3400,917
3401,917
3402,3120
3403,3120
3404,6123
3405,6123
3406,6123
3407,6123
3408,2233
3409,1435
3410,1435
3411,2228
3412,8704
3413,8889
3414,8889
3415,8857
3416,8857
3417,8857
3418,8857
3419,5188
3420,5188
3421,6132
3422,6218
3423,6218
3424,6349
3425,6348
3426,6347
3427,6347
3428,6413
3429,6444
3430,5535
3431,5535
3432,5535
3433,8791
3434,3119
3435,3119
3436,3119
3437,3151
3438,3119
3439,3119
3440,3119
3441,8192
3442,2245
3443,3017
3444,3017
3445,3017
3446,3017
3447,3017
3448,3017
3449,3017
3450,3017
3451,6282
3452,6282
3453,6282
3454,6282
3455,6282
3456,6282
3457,6282
3458,6282
3459,6282
3460,6282
3461,6282
3462,6282
3463,6282
3464,6282
3465,6282
3466,6282
3467,6282
3468,6282
3469,6282
3470,6250
3471,8924
3472,8924
3473,8924
3474,2070
3475,6287
3476,6287
3477,6287
3478,6287
3479,6287
3480,6287
3481,6287
3482,6287
3483,6287
3484,6288
3485,6287
3486,6287
3487,6287
3488,6287
3489,6255
3490,6287
3491,6287
3492,6287
3493,6287
3494,6287
3495,6287
3496,6287
3497,6287
3498,6287
3499,3153
3500,3153
3501,2618
3502,3094
3503,3094
3504,3094
3505,3094
3506,3094
3507,3094
3508,3095
3509,3095
3510,3095
3511,3094
3512,3095
3513,3095
3514,3095
3515,2235
3516,2235
3517,3095
3518,3095
3519,3095
3520,3095
3521,3095
3522,3095
3523,3095
3524,3095
3525,3095
3526,3095
3527,3095
3528,3095
3529,3095
3530,3095
3531,3095
3532,3095
3533,3095
3534,3095
3535,3095
3536,3095
3537,3095
3538,1178
