"POLYFID","species"
1,128
3,15
4,11
5,39
6,59
7,35
19,5
20,5
25,56
26,98
27,116
28,116
29,135
31,17
32,58
33,66
34,73
35,82
36,63
37,31
58,113
59,114
60,39
61,1
62,66
63,87
64,92
65,100
66,94
67,59
68,35
79,3
80,3
81,3
91,84
92,33
93,41
94,59
95,83
96,86
97,87
98,89
99,88
100,59
101,29
110,8
111,3
112,3
113,3
114,5
115,6
118,2
123,30
125,31
126,43
127,77
128,97
129,104
130,98
131,95
132,89
133,54
141,9
142,9
143,10
144,4
145,2
146,2
147,6
148,5
149,5
155,18
159,43
160,87
161,95
162,115
163,106
164,97
165,89
166,66
169,12
170,9
171,10
172,9
173,10
174,10
175,10
176,8
177,4
178,2
179,1
180,3
181,7
182,7
185,16
187,16
193,1
194,88
195,116
196,103
197,96
198,85
199,71
200,37
201,19
202,17
203,15
204,15
205,14
206,13
207,10
208,11
209,10
210,6
213,4
214,10
215,9
217,19
218,18
227,101
228,118
229,98
230,84
231,83
232,68
233,39
234,18
235,14
236,15
237,17
238,16
239,18
240,12
241,11
242,9
243,4
245,1
246,6
247,9
249,23
250,23
260,127
261,120
262,98
263,92
264,80
265,64
266,34
267,18
268,15
269,16
270,16
271,17
272,17
275,6
276,7
277,1
278,1
279,6
282,15
292,93
293,131
294,115
295,99
296,95
297,74
298,56
299,32
300,25
301,21
302,19
303,12
304,15
305,15
306,9
308,7
309,7
310,1
311,6
312,6
324,66
325,124
326,120
327,115
328,117
329,103
330,69
331,47
332,31
333,26
334,23
335,18
336,19
337,14
338,13
339,10
341,7
342,7
343,2
344,5
357,97
358,133
359,121
360,126
361,122
362,106
363,69
364,40
365,30
366,23
367,20
368,18
369,18
370,12
371,15
372,10
373,9
374,7
375,7
376,4
377,4
389,69
390,129
391,138
392,136
393,134
394,124
395,110
396,68
397,37
398,28
399,21
400,17
401,21
402,18
403,18
404,13
405,9
407,7
408,6
409,4
410,3
421,50
422,101
423,143
424,152
425,148
426,135
427,128
428,111
429,65
430,45
431,25
432,26
433,24
434,16
435,17
436,16
437,13
440,3
441,3
442,3
454,96
455,151
456,163
457,173
458,147
459,135
460,124
461,107
462,73
463,48
464,33
465,15
466,18
467,24
468,21
469,13
470,12
487,136
488,186
489,185
490,190
491,160
492,145
493,121
494,100
495,89
496,79
499,12
500,17
501,15
502,19
503,19
519,134
520,196
521,190
522,201
523,188
524,169
525,155
526,117
527,96
528,95
529,78
532,22
533,20
534,30
535,33
536,36
551,142
552,206
553,196
554,186
555,207
556,161
557,171
558,165
559,143
560,108
561,100
562,82
564,16
565,37
566,37
567,41
568,46
569,51
570,54
583,176
584,199
585,193
586,188
587,196
588,164
589,158
590,178
591,166
592,147
593,113
594,99
595,91
596,75
597,54
598,47
599,46
600,50
601,58
602,61
603,71
615,190
616,211
617,193
618,189
619,193
620,187
621,157
622,154
623,187
624,182
625,162
626,112
627,99
628,100
629,87
630,66
631,59
632,61
633,66
634,69
635,78
647,190
648,219
649,183
650,175
651,192
652,195
653,175
654,146
655,153
656,188
657,194
658,158
659,118
660,110
661,119
662,115
663,87
664,88
665,113
666,111
667,81
679,153
680,218
681,194
682,159
683,180
684,191
685,185
686,174
687,145
688,158
689,183
690,186
691,154
692,143
693,127
694,135
695,118
696,114
697,135
698,136
699,129
712,181
713,213
714,170
715,165
716,187
717,192
718,179
719,166
720,152
721,157
722,191
723,181
724,166
725,150
726,144
727,135
728,130
729,146
730,150
731,151
744,128
745,213
746,180
747,192
748,176
749,191
750,203
751,188
752,147
753,148
754,154
755,190
756,182
757,175
758,177
759,171
760,166
761,171
762,164
763,159
777,164
778,205
779,187
780,179
781,186
782,194
783,209
784,139
785,129
786,150
787,148
788,171
789,189
790,175
791,180
792,180
793,185
794,181
795,168
808,11
809,12
810,169
811,131
812,214
813,187
814,205
815,207
816,162
817,116
818,139
819,146
820,148
821,158
822,167
823,173
824,180
825,186
826,179
827,177
841,11
842,113
843,105
844,198
845,221
846,200
847,185
848,157
849,124
850,130
851,147
852,142
853,143
854,150
855,157
856,169
857,168
858,175
859,180
874,66
875,92
876,163
877,217
878,185
879,178
880,127
881,120
882,129
883,141
884,141
885,145
886,140
887,142
888,140
889,154
890,173
891,165
907,84
908,122
909,260
910,190
911,148
912,144
913,128
914,137
915,132
916,133
917,133
918,131
919,133
920,134
921,158
922,164
923,155
940,84
941,215
942,258
943,115
944,149
945,139
946,144
947,140
948,125
949,126
950,129
951,121
952,142
953,143
954,149
955,156
972,76
973,83
974,279
975,210
976,130
977,162
978,157
979,169
980,154
981,137
982,121
983,116
984,128
985,140
986,140
987,142
1002,6
1003,1
1004,4
1006,150
1007,306
1008,146
1009,190
1010,194
1011,164
1012,126
1013,108
1014,128
1015,127
1016,124
1017,119
1018,124
1019,130
1021,116
1022,128
1023,126
1026,135
1028,157
1029,153
1030,139
1031,128
1032,100
1033,75
1048,76
1049,35
1050,99
1051,125
1062,135
1063,120
1064,97
1065,82
1066,69
1079,51
1080,99
1081,102
1084,36
1095,16
1097,78
1098,74
1112,90
1113,116
1116,127
1117,59
1143,63
1144,77
1145,106
1146,118
1147,98
1148,72
1149,71
1155,11
1176,72
1177,86
1178,114
1179,115
1180,119
1181,50
1182,54
1187,11
1209,35
1210,99
1211,133
1212,118
1213,119
1214,50
1242,100
1243,136
1244,97
1245,158
1246,126
1247,57
1275,122
1276,2
1277,101
1278,102
1279,117
1280,110
1306,83
1311,114
1312,118
1313,97
1330,8
1331,16
1338,129
1339,174
1345,140
1346,116
1363,18
1364,18
1370,102
1371,167
1372,453
1374,346
1378,106
1379,112
1380,30
1397,19
1402,97
1403,164
1404,502
1405,545
1406,519
1407,640
1408,279
1412,58
1435,152
1437,764
1438,634
1439,638
1440,586
1441,434
1442,50
1444,51
1445,72
1468,14
1469,758
1470,807
1471,852
1472,706
1473,645
1474,549
1475,110
1477,78
1496,26
1497,26
1500,644
1501,849
1502,947
1503,806
1504,532
1505,360
1506,391
1507,463
1508,508
1509,131
1510,35
1529,13
1531,1
1532,1044
1533,1093
1534,875
1535,594
1536,402
1537,521
1538,650
1539,610
1540,550
1541,432
1561,50
1562,41
1563,5
1564,1134
1565,897
1566,567
1567,484
1568,485
1569,495
1570,622
1571,611
1572,665
1573,600
1574,441
1593,35
1594,55
1595,80
1596,1070
1597,582
1598,533
1599,475
1600,474
1601,480
1602,521
1603,547
1604,603
1605,670
1606,598
1626,13
1627,39
1628,955
1629,890
1630,596
1631,604
1632,487
1633,466
1634,527
1635,514
1636,477
1637,625
1638,630
1639,569
1640,528
1658,29
1659,40
1660,378
1661,1031
1662,643
1663,589
1664,584
1665,541
1666,529
1667,467
1668,465
1669,491
1670,554
1671,521
1672,576
1673,575
1690,31
1691,38
1692,183
1693,903
1694,708
1695,539
1696,510
1697,558
1698,518
1699,537
1700,504
1701,537
1702,411
1703,461
1704,475
1705,544
1706,571
1719,22
1723,50
1724,5
1725,523
1726,988
1727,558
1728,536
1729,519
1730,513
1731,509
1732,557
1733,672
1734,652
1735,530
1736,424
1737,460
1738,564
1751,14
1752,25
1755,116
1756,1
1757,206
1758,856
1759,791
1760,534
1761,529
1762,539
1763,538
1764,559
1765,562
1766,647
1767,648
1768,677
1769,626
1770,607
1771,535
1784,27
1787,243
1789,86
1790,240
1791,892
1792,927
1793,592
1794,577
1795,599
1796,587
1797,537
1798,520
1799,542
1800,561
1801,599
1802,652
1803,571
1804,528
1819,272
1822,107
1823,187
1824,759
1825,994
1826,600
1827,594
1828,541
1829,555
1830,525
1831,527
1832,507
1833,501
1834,521
1835,540
1836,530
1837,472
1855,104
1856,191
1857,860
1858,755
1859,520
1860,543
1861,545
1862,514
1863,552
1864,547
1865,472
1866,483
1867,511
1868,494
1869,478
1870,438
1888,153
1889,169
1890,913
1891,721
1892,481
1893,620
1894,586
1895,491
1896,481
1897,456
1898,477
1899,475
1900,454
1901,436
1902,386
1903,358
1904,278
1919,1
1920,64
1921,122
1922,173
1923,869
1924,550
1925,500
1926,596
1927,574
1928,512
1929,462
1930,472
1931,453
1932,384
1933,353
1934,345
1935,324
1936,305
1937,282
1948,2
1951,2
1952,59
1953,97
1954,172
1955,492
1956,416
1957,375
1958,423
1959,528
1960,504
1961,471
1962,463
1963,413
1964,369
1965,363
1966,350
1967,329
1968,301
1969,295
1970,261
1983,2
1984,74
1985,89
1986,279
1987,502
1988,317
1989,292
1990,398
1991,435
1992,426
1993,429
1994,443
1995,430
1996,390
1997,358
1998,356
1999,334
2000,317
2001,308
2002,308
2003,295
2004,3
2005,6
2015,68
2016,112
2017,112
2018,423
2019,465
2020,271
2021,299
2022,404
2023,433
2024,416
2025,415
2026,410
2027,432
2028,409
2029,380
2030,361
2031,407
2032,384
2033,370
2034,424
2035,391
2050,268
2051,372
2052,307
2053,237
2054,63
2055,41
2056,35
2057,37
2058,48
2059,92
2060,145
2061,150
2062,129
2063,167
2064,184
2065,186
2066,184
2067,185
2068,141
2069,158
2070,143
2071,145
2072,132
2073,121
2074,112
2075,117
2083,323
2084,350
2085,274
2086,172
2087,48
2088,36
2089,25
2090,24
2091,29
2092,69
2093,158
2094,162
2095,175
2096,179
2097,176
2098,179
2099,186
2100,184
2101,158
2102,161
2103,146
2104,138
2105,140
2106,137
2107,131
2114,309
2115,419
2116,326
2117,325
2118,252
2119,101
2120,33
2121,16
2122,19
2123,18
2124,23
2125,36
2126,87
2127,145
2128,164
2129,147
2130,155
2131,168
2132,193
2133,197
2134,191
2135,183
2136,156
2137,139
2138,136
2139,133
2146,1
2147,444
2148,461
2149,332
2150,313
2151,204
2152,101
2153,25
2154,15
2155,11
2156,16
2157,13
2158,28
2159,58
2160,88
2161,143
2162,138
2163,33
2164,86
2166,183
2167,183
2168,176
2169,158
2170,144
2171,146
2179,332
2180,466
2181,413
2182,323
2183,299
2184,216
2185,97
2186,17
2187,11
2188,9
2189,10
2190,16
2191,24
2192,39
2193,84
2194,122
2195,153
2196,1
2197,1
2198,116
2199,174
2200,182
2201,186
2202,165
2203,148
2211,265
2212,383
2213,491
2214,344
2215,302
2216,287
2217,277
2218,195
2219,28
2220,15
2221,13
2222,15
2223,19
2224,21
2225,39
2226,70
2227,121
2228,152
2229,143
2230,110
2231,141
2232,163
2233,198
2234,185
2235,171
2238,5
2244,313
2245,419
2246,478
2247,400
2248,280
2249,292
2250,255
2251,183
2252,39
2253,21
2254,16
2255,18
2256,20
2257,18
2258,32
2259,63
2260,142
2261,153
2262,118
2263,45
2264,156
2265,167
2266,184
2267,167
2277,295
2278,428
2279,486
2280,379
2281,311
2282,262
2283,223
2284,131
2285,47
2286,18
2287,27
2288,26
2289,24
2290,16
2291,21
2292,91
2293,106
2294,16
2295,130
2296,133
2297,128
2298,182
2299,188
2310,301
2311,415
2312,475
2313,357
2314,323
2315,280
2316,200
2317,93
2318,33
2319,27
2320,30
2321,25
2322,23
2323,15
2324,48
2325,75
2327,109
2328,114
2329,169
2330,200
2331,195
2343,309
2344,456
2345,429
2346,349
2347,335
2348,263
2349,174
2350,83
2351,53
2352,21
2353,23
2354,25
2355,14
2356,17
2357,55
2358,56
2361,113
2362,180
2363,205
2377,394
2378,450
2379,328
2380,326
2381,263
2382,166
2383,97
2384,73
2385,21
2386,20
2387,16
2388,18
2389,27
2390,40
2393,88
2394,142
2395,142
2410,400
2411,462
2412,344
2413,340
2414,262
2415,157
2416,79
2417,32
2418,14
2419,5
2420,14
2421,18
2422,16
2423,37
2424,47
2426,88
2427,141
2432,9
2442,270
2443,413
2444,415
2445,397
2446,351
2447,256
2448,128
2449,43
2450,18
2451,11
2452,6
2453,10
2454,9
2455,23
2456,37
2457,43
2458,75
2459,114
2475,314
2476,552
2477,458
2478,371
2479,311
2480,268
2481,131
2482,26
2483,25
2484,24
2485,4
2486,6
2487,8
2488,11
2489,35
2490,26
2505,14
2506,52
2507,41
2508,508
2509,599
2510,487
2511,337
2512,324
2513,265
2514,106
2515,38
2516,27
2517,18
2518,3
2519,4
2520,1
2521,18
2522,32
2523,17
2538,314
2539,359
2540,395
2541,470
2542,538
2543,430
2544,343
2545,306
2546,213
2547,116
2548,58
2549,27
2550,5
2551,8
2552,4
2553,10
2554,27
2555,79
2571,404
2572,402
2573,394
2574,435
2575,436
2576,348
2577,287
2578,248
2579,207
2580,135
2581,86
2582,22
2583,11
2584,11
2585,17
2586,27
2587,68
2603,429
2604,402
2605,392
2606,383
2607,424
2608,361
2609,316
2610,286
2611,250
2612,226
2613,142
2614,78
2615,15
2616,8
2617,6
2618,24
2619,57
2635,459
2636,458
2637,408
2638,390
2639,373
2640,455
2641,382
2642,355
2643,324
2644,282
2645,266
2646,126
2647,46
2648,12
2649,21
2650,31
2651,60
2666,245
2667,389
2668,440
2669,430
2670,416
2671,362
2672,352
2673,445
2674,334
2675,310
2676,299
2677,283
2678,247
2679,131
2680,46
2681,56
2682,52
2683,54
2696,221
2697,327
2698,421
2699,497
2700,459
2701,336
2702,374
2703,308
2704,296
2705,322
2706,382
2707,279
2708,253
2709,269
2710,232
2711,208
2712,128
2713,86
2714,63
2715,42
2727,1
2728,278
2729,431
2730,470
2731,449
2732,434
2733,338
2734,332
2735,319
2736,276
2737,272
2738,314
2739,409
2740,344
2741,295
2742,258
2743,229
2744,219
2745,186
2746,125
2747,84
2759,126
2760,257
2761,363
2762,376
2763,358
2764,345
2765,340
2766,368
2767,408
2768,355
2769,281
2770,288
2771,357
2772,451
2773,403
2774,283
2775,266
2776,246
2777,238
2778,210
2779,119
2791,152
2792,253
2793,312
2794,356
2795,304
2796,261
2797,305
2798,349
2799,395
2800,413
2801,368
2802,281
2803,292
2804,397
2805,519
2806,385
2807,279
2808,275
2809,255
2810,261
2811,240
2822,1
2823,168
2824,257
2825,286
2826,316
2827,343
2828,271
2829,353
2830,398
2831,411
2832,363
2833,399
2834,349
2835,299
2836,343
2837,503
2838,552
2839,372
2840,285
2841,327
2842,322
2843,377
2854,124
2855,185
2856,222
2857,246
2858,239
2859,347
2860,375
2861,390
2862,435
2863,461
2864,453
2865,426
2866,383
2867,584
2868,679
2869,722
2870,753
2871,592
2872,441
2873,405
2874,380
2875,378
2886,158
2887,207
2888,195
2889,191
2890,178
2891,254
2892,378
2893,422
2894,430
2895,436
2896,437
2897,455
2898,440
2899,505
2900,705
2901,683
2902,654
2903,603
2904,571
2905,468
2906,447
2907,425
2918,235
2919,216
2920,204
2921,226
2922,209
2923,195
2924,304
2925,401
2926,449
2927,437
2928,444
2929,434
2930,451
2931,514
2932,449
2933,457
2934,494
2935,538
2936,665
2937,431
2938,516
2939,480
2950,267
2951,257
2952,205
2953,239
2954,284
2955,337
2956,323
2957,360
2958,412
2959,443
2960,449
2961,460
2962,455
2963,478
2964,487
2965,371
2966,434
2967,541
2968,711
2969,585
2970,436
2971,479
2982,1
2983,293
2984,310
2985,262
2986,301
2987,357
2988,385
2989,426
2990,411
2991,407
2992,417
2993,415
2994,458
2995,521
2996,558
2997,521
2998,439
2999,559
3000,622
3001,632
3002,429
3003,339
3015,1
3016,334
3017,356
3018,321
3019,344
3020,399
3021,468
3022,476
3023,464
3024,486
3025,467
3026,461
3027,481
3028,492
3029,532
3030,563
3031,561
3032,625
3033,532
3034,422
3035,220
3049,312
3050,365
3051,412
3052,457
3053,477
3054,463
3055,369
3056,472
3057,433
3058,470
3059,480
3060,340
3061,322
3062,378
3063,506
3064,549
3065,491
3066,376
3067,290
3068,277
3069,281
3070,278
3071,338
3072,405
3073,474
3074,376
3075,375
3076,374
3077,268
3078,92
3079,60
3080,51
3081,61
3082,57
3083,60
3084,90
3085,73
3087,123
3088,176
3089,182
3090,201
3091,198
3092,180
3093,179
3094,175
3095,155
3096,140
3097,134
3098,129
3099,132
3101,255
3102,250
3103,235
3104,243
3105,410
3106,373
3107,307
3108,348
3109,316
3110,123
3111,76
3112,44
3113,45
3114,31
3115,69
3116,113
3117,153
3118,63
3119,137
3120,196
3121,201
3122,189
3123,188
3124,199
3125,169
3126,162
3127,158
3128,146
3129,140
3130,127
3131,120
3134,239
3135,241
3136,205
3137,232
3138,367
3139,207
3140,155
3141,92
3142,103
3143,94
3144,85
3145,61
3146,50
3147,57
3148,69
3149,155
3150,169
3151,129
3152,204
3153,180
3154,179
3156,168
3157,173
3158,161
3159,153
3160,146
3161,141
3162,141
3163,139
3167,131
3168,136
3169,155
3170,245
3171,205
3172,113
3173,125
3174,117
3175,106
3176,73
3177,44
3178,36
3179,41
3180,37
3181,34
3182,56
3183,135
3184,186
3185,188
3186,187
3187,118
3188,149
3189,162
3190,157
3191,154
3192,145
3193,139
3194,144
3195,146
3200,65
3201,98
3202,138
3203,164
3204,45
3205,80
3206,41
3207,34
3208,26
3209,28
3210,32
3211,34
3212,38
3213,20
3214,20
3215,69
3216,127
3217,163
3218,175
3219,122
3220,166
3221,159
3222,157
3223,149
3224,142
3225,140
3226,140
3227,142
3234,78
3235,129
3236,121
3237,40
3238,50
3239,10
3240,13
3241,20
3242,59
3243,45
3244,27
3245,24
3246,61
3247,71
3248,127
3249,179
3250,184
3251,163
3252,184
3253,170
3254,158
3255,144
3256,141
3257,134
3258,140
3259,133
3260,5
3261,7
3268,75
3269,50
3270,47
3271,46
3272,6
3273,4
3274,32
3275,53
3276,39
3277,87
3278,86
3279,137
3280,170
3281,194
3282,226
3283,204
3284,190
3285,171
3286,159
3287,149
3288,138
3289,132
3290,138
3291,136
3293,6
3294,6
3301,37
3303,60
3304,25
3305,3
3306,12
3307,52
3308,60
3309,58
3310,142
3311,156
3312,152
3313,181
3314,222
3315,214
3316,193
3317,152
3318,148
3319,145
3320,131
3321,132
3322,136
3323,136
3325,3
3326,25
3334,33
3336,74
3337,22
3338,14
3339,52
3340,32
3341,83
3342,160
3343,144
3344,128
3345,184
3346,215
3347,212
3348,191
3349,145
3350,139
3351,137
3352,134
3353,131
3354,138
3355,134
3356,4
3368,36
3369,50
3370,20
3371,51
3372,71
3373,89
3374,124
3375,111
3376,71
3377,198
3378,1
3379,171
3380,62
3381,70
3382,132
3383,122
3384,130
3385,130
3386,136
3387,132
3402,45
3403,59
3404,76
3405,110
3406,138
3407,74
3408,42
3409,157
3410,203
3411,124
3412,77
3413,71
3414,111
3415,128
3416,126
3417,137
3418,137
3419,140
3435,53
3436,60
3437,67
3438,126
3439,102
3440,54
3441,65
3442,169
3443,170
3444,99
3445,77
3446,72
3447,92
3448,101
3449,136
3450,133
3451,139
3469,63
3470,90
3471,101
3472,102
3473,89
3474,133
3475,170
3476,116
3477,111
3478,97
3479,94
3480,99
3481,132
3482,146
3483,137
3502,72
3503,75
3504,99
3505,126
3506,151
3507,160
3508,131
3509,120
3510,115
3511,122
3512,115
3513,112
3514,131
3515,138
3534,69
3535,95
3536,87
3537,99
3538,119
3539,175
3540,156
3541,138
3542,108
3543,127
3544,130
3545,102
3546,109
3547,124
3566,145
3567,163
3568,165
3569,145
3570,125
3571,144
3572,196
3573,204
3574,148
3575,134
3576,133
3577,106
3578,107
3579,115
3585,3
3597,6
3598,178
3599,176
3600,158
3601,170
3602,186
3603,196
3604,205
3605,214
3606,212
3607,187
3608,142
3609,112
3610,103
3611,109
3617,4
3618,3
3620,11
3621,11
3622,11
3623,13
3624,15
3625,24
3626,31
3630,181
3631,199
3632,154
3633,146
3634,160
3635,244
3636,293
3637,228
3638,209
3639,211
3640,184
3641,116
3642,107
3643,110
3653,11
3654,11
3655,13
3656,13
3657,35
3658,46
3659,236
3660,271
3661,258
3662,257
3663,258
3664,208
3665,158
3666,150
3667,166
3668,361
3669,276
3670,176
3671,205
3672,213
3673,153
3674,122
3675,109
3690,264
3691,288
3692,289
3693,252
3694,223
3695,240
3696,230
3697,179
3698,170
3699,197
3700,427
3701,294
3702,173
3703,163
3704,196
3705,219
3706,141
3707,120
3722,271
3723,288
3724,233
3725,201
3726,186
3727,193
3728,234
3729,216
3730,197
3731,224
3732,474
3733,297
3734,107
3735,93
3736,176
3737,209
3738,207
3739,173
3753,191
3754,214
3755,226
3756,214
3757,210
3758,207
3759,213
3760,224
3761,239
3762,188
3763,223
3764,530
3765,274
3766,73
3767,63
3768,60
3769,185
3770,205
3771,208
3786,212
3787,190
3789,153
3790,151
3791,238
3792,236
3793,239
3794,233
3795,205
3796,525
3797,358
3798,54
3799,53
3800,51
3801,60
3802,170
3803,195
3823,166
3824,252
3825,245
3826,234
3827,212
3828,484
3829,451
3830,57
3831,38
3832,51
3833,41
3834,94
3835,151
3857,245
3858,255
3859,245
3860,232
3861,584
3862,87
3863,37
3864,41
3865,51
3866,46
3867,113
3890,240
3891,263
3892,238
3893,584
3894,374
3895,51
3896,34
3897,40
3898,47
3899,57
3923,192
3924,231
3925,255
3926,623
3927,105
3928,42
3929,39
3930,49
3931,59
3951,17
3956,233
3957,301
3958,591
3959,473
3960,113
3961,54
3962,59
3963,72
3981,62
3982,67
3983,87
3984,96
3985,94
3986,224
3987,254
3988,463
3989,470
3990,486
3991,610
3992,415
3993,129
3994,76
3995,87
4012,96
4013,359
4017,6
4018,235
4019,333
4020,429
4021,484
4022,483
4023,512
4024,599
4025,427
4026,132
4027,113
4037,4
4043,149
4044,373
4045,392
4046,287
4047,265
4048,296
4049,216
4050,349
4051,405
4052,470
4053,462
4054,458
4055,525
4056,572
4057,613
4058,250
4059,151
4074,96
4075,367
4076,385
4077,392
4078,305
4079,343
4080,375
4081,379
4082,409
4083,407
4084,411
4085,439
4086,465
4087,486
4088,544
4089,559
4090,343
4091,228
4092,270
4093,188
4094,145
4095,119
4096,91
4097,78
4098,53
4099,75
4100,124
4101,141
4102,201
4103,196
4104,151
4105,128
4106,114
4107,113
4108,120
4109,128
4110,135
4111,141
4112,141
4113,129
4114,130
4115,132
4116,132
4117,136
4118,138
4119,144
4120,151
4121,139
4122,119
4123,120
4124,368
4125,298
4126,199
4127,169
4128,125
4129,95
4130,66
4131,61
4132,88
4133,133
4134,202
4135,216
4136,193
4137,139
4138,125
4139,124
4140,128
4141,134
4142,130
4143,135
4144,135
4145,134
4146,123
4147,120
4148,116
4149,120
4150,123
4151,134
4152,135
4153,128
4154,122
4155,118
4156,225
4157,338
4158,278
4159,203
4160,162
4161,117
4162,68
4163,64
4164,103
4165,145
4166,168
4167,203
4168,195
4169,170
4170,144
4171,135
4172,133
4173,128
4174,123
4175,118
4176,116
4177,127
4178,115
4179,114
4180,114
4181,123
4182,118
4183,128
4184,132
4185,122
4186,121
4187,113
4188,229
4189,251
4190,284
4191,191
4192,158
4193,115
4194,66
4195,73
4196,104
4197,140
4198,162
4199,183
4200,190
4201,167
4202,139
4203,142
4204,124
4205,111
4206,106
4207,108
4208,107
4209,107
4210,118
4211,111
4212,113
4213,119
4214,129
4215,112
4216,114
4217,130
4218,114
4219,106
4220,224
4221,231
4222,259
4223,184
4224,138
4225,116
4226,79
4227,78
4228,107
4229,133
4230,158
4231,190
4232,190
4233,172
4234,144
4235,140
4236,118
4237,105
4238,101
4239,94
4240,90
4241,97
4242,105
4243,106
4244,96
4245,79
4246,90
4247,87
4248,108
4249,114
4250,112
4251,114
4252,201
4253,207
4254,208
4255,198
4256,146
4257,108
4258,94
4259,75
4260,90
4261,129
4262,154
4263,186
4264,174
4265,168
4266,148
4267,136
4268,112
4269,100
4270,83
4271,78
4272,76
4273,89
4274,94
4275,79
4276,57
4277,44
4278,26
4280,71
4281,109
4282,108
4283,100
4284,212
4285,170
4286,160
4287,155
4288,142
4289,138
4290,98
4291,74
4292,75
4293,106
4294,146
4295,182
4296,173
4297,158
4298,144
4299,124
4300,109
4301,93
4302,78
4303,73
4304,74
4305,70
4306,51
4307,46
4308,35
4309,19
4310,8
4313,55
4314,80
4315,66
4316,222
4317,193
4318,161
4319,130
4320,140
4321,146
4322,132
4323,97
4324,73
4325,100
4326,145
4327,181
4328,171
4329,145
4330,132
4331,122
4332,104
4333,82
4334,78
4335,78
4336,74
4337,58
4338,34
4339,29
4340,16
4342,8
4348,220
4349,230
4350,183
4351,141
4352,114
4353,120
4354,155
4355,139
4356,98
4357,87
4358,134
4359,169
4360,172
4361,148
4362,134
4363,121
4364,107
4365,84
4366,80
4367,74
4368,72
4369,59
4370,41
4371,22
4372,18
4373,12
4374,6
4375,3
4379,1
4380,242
4381,224
4382,214
4383,162
4384,114
4385,109
4386,131
4387,170
4388,140
4389,104
4390,120
4391,168
4392,160
4393,157
4394,144
4395,132
4396,111
4397,90
4398,83
4399,74
4400,67
4401,55
4402,59
4403,27
4404,19
4405,12
4406,2
4407,4
4410,2
4411,5
4412,168
4413,124
4414,176
4415,168
4416,120
4417,102
4418,100
4419,147
4420,172
4421,153
4422,132
4423,163
4424,170
4425,161
4426,139
4427,134
4428,120
4429,95
4430,86
4431,80
4432,64
4433,56
4434,50
4435,36
4436,20
4437,13
4438,1
4439,1
4442,1
4443,5
4444,11
4445,43
4447,104
4450,95
4451,129
4452,161
4453,160
4454,166
4455,170
4456,173
4457,163
4458,140
4459,133
4460,113
4461,98
4462,88
4463,82
4464,69
4465,59
4466,54
4467,45
4468,22
4469,17
4470,4
4471,1
4472,2
4473,2
4474,1
4475,4
4477,35
4478,11
4481,68
4482,18
4483,121
4484,162
4485,160
4486,163
4487,177
4488,176
4489,167
4490,161
4491,137
4492,120
4493,106
4494,95
4495,88
4496,75
4497,58
4498,53
4499,49
4500,28
4501,17
4502,8
4503,1
4504,1
4505,1
4510,44
4511,50
4513,83
4514,107
4515,117
4516,138
4517,161
4518,174
4519,178
4520,174
4521,170
4522,162
4523,148
4524,126
4525,107
4526,96
4527,95
4528,82
4529,63
4530,57
4531,41
4532,26
4533,25
4534,15
4535,5
4536,4
4543,50
4544,52
4545,101
4546,104
4547,102
4548,103
4549,140
4550,188
4551,195
4552,189
4553,180
4554,160
4555,147
4556,131
4557,108
4558,90
4559,90
4560,88
4561,75
4562,62
4563,44
4564,22
4565,17
4566,16
4567,5
4568,5
4574,3
4575,10
4577,99
4578,111
4579,109
4580,7
4582,176
4583,209
4584,208
4585,192
4586,163
4587,141
4588,127
4589,109
4590,95
4591,91
4592,92
4593,79
4594,74
4595,58
4596,28
4610,113
4611,114
4614,184
4615,209
4616,199
4617,184
4618,139
4619,130
4620,114
4621,103
4622,89
4623,92
4624,88
4625,74
4626,67
4627,32
4628,22
4641,99
4642,131
4643,120
4646,178
4647,188
4648,184
4649,163
4650,132
4651,121
4652,103
4653,96
4654,90
4655,93
4656,70
4657,75
4658,48
4659,14
4660,10
4674,122
4675,139
4676,124
4677,122
4678,119
4680,160
4681,159
4682,136
4683,121
4684,107
4685,96
4686,90
4687,88
4688,76
4689,74
4690,67
4691,31
4692,16
4693,11
4703,2
4704,9
4705,36
4706,123
4707,134
4708,131
4709,143
4710,130
4711,159
4712,130
4713,150
4714,131
4715,97
4716,6
4717,85
4718,80
4719,74
4720,70
4721,74
4722,53
4723,24
4724,7
4725,4
4733,8
4734,10
4741,127
4742,136
4743,132
4744,119
4745,109
4746,34
4749,77
4750,70
4751,70
4752,66
4753,69
4754,34
4773,130
4774,107
4775,1
4780,70
4781,74
4782,66
4783,63
4784,70
4785,65
4786,26
4791,9
4793,3
4794,3
4805,1
4806,94
4807,1
4812,69
4813,68
4814,59
4815,61
4816,77
4817,59
4821,7
4822,22
4823,4
4824,3
4836,1
4837,46
4838,51
4839,54
4840,61
4841,63
4842,62
4843,57
4844,58
4845,61
4846,67
4847,69
4848,37
4868,1
4869,56
4870,70
4871,64
4872,66
4873,65
4874,69
4875,65
4876,64
4877,66
4878,61
4879,28
4881,7
4901,1
4902,2
4903,64
4904,65
4905,63
4906,66
4907,56
4908,59
4909,58
4910,46
4911,12
4912,7
4913,7
4920,3
4935,1
4936,27
4937,1
4938,51
4939,46
4940,54
4941,23
4943,15
4966,27
4967,1
4968,1
4969,38
4970,41
4971,32
4972,7
4973,1
4974,1
4996,1
4997,1
5000,1
5002,32
5003,1
5005,1
5028,9
5029,1
5032,11
5035,20
5058,1
5059,8
5062,6
5066,7
5068,1
5089,1
5109,12
5111,1
5112,314
5113,228
5114,151
5115,299
5116,163
5120,99
5121,100
5122,127
5123,131
5124,127
5144,263
5145,296
5146,219
5147,337
5148,165
5155,135
5156,133
5177,230
5178,344
5179,339
5180,335
5187,114
5188,133
5210,274
5211,319
5212,470
5213,280
5215,180
5216,187
5217,1
5218,51
5219,61
5220,120
5221,2
5243,150
5244,349
5245,489
5246,406
5247,271
5248,255
5249,239
5250,110
5251,116
5252,118
5253,12
5277,204
5278,451
5279,417
5280,335
5281,248
5284,113
5286,10
5310,218
5311,445
5312,457
5313,355
5314,4
5316,46
5317,2
5343,1
5344,331
5345,460
5346,408
5347,3
5349,3
5350,1
5377,320
5378,446
5379,314
5380,2
5381,3
5382,1
5409,212
5410,563
5411,330
5412,28
5413,3
5414,3
5415,3
5442,569
5443,562
5445,1
5447,3
5448,1
5473,7
5475,564
5476,556
5479,2
5480,5
5481,2
5502,10
5508,287
5512,2
5513,2
5534,33
5535,39
5539,7
5541,1
5542,1
5547,1
5567,32
5568,29
5573,1
5574,3
5575,1
5580,2
5581,5
5604,352
5606,1
5607,1
5614,1
5636,401
5668,548
5699,2
5700,475
5732,147
5764,2
5782,3
6052,2
6120,93
6121,125
6122,141
6123,425
6124,395
6125,247
6126,288
6127,407
6128,485
6129,459
6130,461
6131,458
6132,444
6133,410
6134,400
6135,382
6136,422
6137,553
6138,413
6139,363
6140,376
6149,8
6152,2
6153,150
6154,163
6155,285
6156,293
6157,248
6158,320
6159,431
6160,514
6161,526
6162,503
6163,509
6164,496
6165,485
6166,493
6167,507
6168,500
6169,533
6170,402
6184,2
6185,160
6186,182
6187,224
6188,281
6189,262
6190,300
6191,363
6192,467
6193,495
6194,459
6195,503
6196,603
6197,613
6198,605
6199,610
6200,585
6201,485
6216,109
6217,155
6218,188
6219,180
6220,237
6221,245
6222,267
6223,296
6224,350
6225,410
6226,424
6227,497
6228,539
6229,547
6230,593
6231,597
6232,569
6233,440
6248,1
6249,149
6250,177
6251,163
6252,168
6253,182
6254,234
6255,274
6256,269
6257,301
6258,399
6259,456
6260,461
6264,1
6281,122
6282,163
6283,149
6284,165
6285,179
6286,159
6287,239
6288,268
6289,267
6290,306
6291,350
6313,95
6314,153
6315,149
6316,147
6317,168
6318,172
6319,150
6320,188
6321,228
6322,236
6334,3
6346,117
6347,154
6348,110
6349,143
6350,141
6351,118
6352,125
6378,76
6379,142
6380,110
6381,110
6382,104
6410,79
6411,119
6412,137
6413,90
6414,9
6443,84
6444,129
6445,91
6446,76
6475,70
6476,124
6477,114
6478,80
6508,86
6509,126
6510,90
6512,37
6513,1
6540,2
6541,101
6542,115
6543,2
6544,38
6545,45
6573,2
6574,98
6575,104
6576,58
6577,37
6578,2
6606,1
6607,77
6608,2
6679,1
6706,1
6707,1
6712,4
6723,6
6737,1
6738,1
6739,1
6740,1
6741,1
6742,1
6745,4
6769,1
6770,1
6771,1
6772,1
6774,1
6787,2
6802,1
6811,1
6843,1
7154,284
7155,390
7156,413
7157,378
7158,357
7159,331
7160,318
7161,353
7162,362
7163,323
7164,263
7165,324
7166,331
7167,323
7170,255
7191,1
7195,257
7196,283
7197,246
7198,268
7225,4
7230,56
7258,126
7259,120
7260,124
7261,121
7262,44
7263,36
7264,19
7289,112
7290,143
7291,141
7292,135
7293,129
7294,118
7295,8
7296,9
7311,2
7321,99
7322,159
7323,155
7324,160
7325,161
7326,168
7327,161
7328,128
7329,3
7354,155
7355,142
7356,142
7357,148
7358,149
7359,148
7360,122
7361,3
7362,3
7442,3
7454,28
7475,3
7487,29
7585,6
7667,3
7668,3
7696,2
7698,3
7796,1
8155,82
8156,324
8157,389
8158,398
8159,366
8160,401
8161,401
8162,264
8163,14
8164,247
8165,309
8166,311
8167,386
8168,441
8169,470
8170,455
8171,410
8172,383
8173,358
8188,384
8189,399
8190,308
8191,342
8192,368
8193,365
8194,1
8195,17
8196,294
8197,327
8198,281
8199,277
8200,433
8201,458
8202,474
8203,351
8204,358
8205,374
8218,15
8220,471
8221,382
8222,303
8223,202
8224,296
8225,112
8227,220
8228,282
8229,330
8230,348
8231,376
8232,411
8233,401
8234,440
8235,365
8236,301
8237,277
8252,311
8253,234
8254,299
8256,8
8257,126
8258,21
8260,223
8261,387
8262,381
8263,408
8264,373
8265,21
8266,315
8267,324
8268,284
8269,265
8284,285
8285,299
8286,24
8287,273
8288,296
8289,288
8290,125
8293,285
8294,373
8295,355
8296,242
8297,188
8298,231
8299,269
8300,269
8301,247
8317,282
8318,10
8319,281
8320,300
8321,326
8322,260
8328,4
8330,174
8331,223
8332,257
8333,238
8339,76
8340,176
8341,164
8342,151
8343,131
8349,273
8350,217
8351,271
8352,294
8353,314
8354,342
8355,301
8361,68
8363,186
8364,244
8365,228
8370,177
8371,206
8372,193
8373,171
8374,145
8375,149
8376,132
8381,258
8382,281
8383,14
8384,314
8385,315
8386,335
8387,360
8388,376
8390,66
8395,4
8396,197
8397,228
8402,183
8403,205
8404,189
8405,169
8406,146
8407,145
8408,156
8409,129
8414,164
8415,7
8416,185
8417,298
8418,331
8419,339
8420,369
8421,371
8422,156
8425,1
8429,202
8434,160
8435,189
8436,171
8437,156
8438,141
8439,144
8440,141
8441,145
8446,182
8447,173
8448,185
8449,202
8450,202
8451,304
8452,277
8453,335
8454,15
8455,148
8456,150
8457,208
8458,219
8459,204
8461,170
8468,173
8469,149
8470,131
8471,129
8472,132
8473,132
8474,153
8475,185
8478,136
8479,187
8480,180
8481,205
8482,215
8483,209
8484,193
8485,104
8486,217
8487,11
8488,208
8489,245
8490,237
8491,230
8492,213
8493,140
8500,148
8501,152
8502,124
8503,118
8504,117
8505,122
8506,114
8507,205
8508,207
8509,41
8511,153
8512,168
8513,180
8514,197
8515,215
8516,196
8518,155
8519,236
8520,226
8521,241
8522,208
8523,220
8524,204
8533,138
8534,133
8535,104
8536,111
8537,115
8538,109
8539,162
8540,208
8541,201
8542,184
8543,143
8544,184
8545,16
8546,7
8547,118
8548,192
8549,198
8550,226
8551,241
8552,254
8553,224
8554,240
8566,118
8567,104
8568,102
8569,115
8570,123
8571,137
8572,171
8573,207
8574,208
8576,139
8577,171
8578,13
8579,169
8580,190
8581,134
8582,83
8583,240
8584,229
8585,209
8599,107
8600,106
8601,121
8602,128
8603,134
8604,152
8605,185
8606,213
8607,189
8609,79
8610,73
8611,140
8612,173
8613,146
8614,132
8631,116
8632,119
8633,118
8634,134
8635,155
8636,148
8637,150
8638,186
8639,215
8640,207
8641,146
8642,117
8643,22
8644,147
8645,252
8646,105
8647,2
8663,168
8664,170
8665,140
8666,144
8667,157
8668,153
8669,142
8670,156
8671,188
8672,217
8673,204
8675,133
8676,282
8677,313
8678,328
8694,155
8695,215
8696,206
8697,169
8698,153
8699,156
8700,156
8701,144
8702,148
8703,176
8704,199
8705,198
8707,154
8708,190
8709,305
8710,347
8711,3
8714,34
8727,253
8728,258
8729,217
8730,174
8731,151
8732,155
8733,148
8734,159
8735,179
8736,185
8737,181
8738,171
8740,119
8741,397
8742,380
8743,76
8758,214
8759,264
8760,253
8761,218
8762,188
8763,163
8764,170
8765,168
8766,189
8767,205
8768,195
8770,158
8772,188
8773,246
8774,407
8775,250
8780,15
8789,116
8790,122
8791,276
8792,270
8793,231
8794,199
8795,175
8796,177
8797,179
8798,176
8799,198
8800,220
8801,184
8804,208
8805,247
8806,407
8807,340
8812,7
8821,128
8822,129
8823,262
8824,284
8825,249
8826,223
8827,202
8828,194
8829,186
8830,189
8831,192
8832,203
8833,220
8834,219
8835,216
8836,300
8837,268
8838,415
8839,389
8844,1
8845,7
8854,129
8855,109
8856,265
8857,276
8858,261
8859,233
8860,212
8861,213
8862,215
8863,210
8864,275
8865,304
8866,289
8867,250
8868,218
8869,299
8870,410
8871,415
8872,279
8876,10
8888,226
8889,272
8890,309
8891,295
8892,259
8893,239
8894,243
8895,254
8896,292
8897,308
8898,291
8899,254
8901,58
8902,309
8903,430
8904,293
8905,19
8909,2
8912,10
8922,269
8923,307
8924,314
8925,312
8926,290
8927,289
8928,281
8929,265
8930,14
8934,417
8935,429
8936,380
8937,57
8941,8
8956,282
8957,313
8958,308
8959,289
8960,258
8962,7
8963,9
8966,396
8967,370
8968,391
8969,36
8970,60
8995,3
8998,304
8999,241
9000,124
9001,128
9002,90
9011,19
9012,16
9020,27
9027,13
9030,68
9031,53
9032,9
9033,128
9034,147
9035,2
9042,14
9045,79
9046,55
9058,19
9063,36
9064,5
9066,153
9067,59
9075,68
9076,75
9089,19
9095,116
9096,108
9097,8
9099,1
9106,70
9107,79
9123,45
9124,93
9125,101
9126,74
9127,11
9134,8
9137,69
9138,83
9144,24
9148,65
9149,66
9153,5
9154,127
9155,117
9157,18
9163,7
9170,1
9185,1
9186,26
9187,24
9189,9
9194,9
9196,1
9216,28
9217,32
9218,1
9226,1
9247,1
9248,34
9256,1
9257,1
9282,2
9285,1
9286,1
9287,1
9308,80
9316,1
9317,1
9325,2
9337,71
9338,18
9355,1
9368,29
9369,20
9374,1
9397,27
9398,26
9403,1
9404,1
9415,2
9427,51
9428,43
9429,8
9456,52
9457,43
9462,1
9484,71
9485,47
9486,48
9491,1
9492,1
9502,1
9505,1
9514,68
9515,42
9516,37
9522,1
9536,1
9545,4
9550,9
9567,3
9576,4
9579,45
9580,27
9584,1
9597,40
9598,34
9609,49
9610,50
9611,11
9616,1
9617,1
9629,52
9642,7
9647,1
9659,45
9660,51
9670,21
9672,13
9690,49
9695,54
9702,16
9703,17
9704,11
9705,29
9726,71
9732,18
9733,17
9736,17
9745,2
9756,77
9757,78
9759,20
9764,9
9765,9
9776,1
9786,73
9787,79
9796,9
9807,2
9817,80
9818,71
9908,34
9920,5
9921,3
9939,34
9952,4
9953,8
9955,3
9985,1
9987,3
10020,7
10050,3
10053,17
10054,7
10083,1
10086,1
10087,6
10088,3
10115,1
10118,1
10119,4
10120,3
10124,5
